{"digest":"9388e1cd27b0b0fd67e21bdbc809d996b8d27706","css":".incompatible-packages {\n  background-color: #292c2f;\n  overflow-y: scroll;\n}\n.incompatible-packages .incompatible-package {\n  padding: 15px;\n  margin-bottom: 10px;\n  border-radius: 6px;\n  border: 1px solid #d1d1d2;\n  background-color: #fafafa;\n  overflow: hidden;\n}\n.incompatible-packages .incompatible-package .badge {\n  margin-left: 1em;\n}\n.incompatible-packages .incompatible-package .heading {\n  margin-top: 0px;\n}\n.incompatible-packages .incompatible-package ul {\n  padding-left: 1em;\n}\n.incompatible-packages .incompatible-package li {\n  list-style-type: none;\n}\n.incompatible-packages .incompatible-package pre {\n  margin-top: 2em;\n  max-height: 25em;\n  overflow: scroll;\n  color: #cc0000;\n}\n.incompatible-packages-status {\n  padding-left: 2px;\n}\n","imports":[{"path":"static/variables/ui-variables.less","digest":"3b703d5c8511c09d0cc2c851f9099d683e6d2176"},{"path":"static/variables/syntax-variables.less","digest":"812c1b7883a023f768773d14294653adcdb932d7"},{"path":"node_modules/atom-dark-ui/styles/ui-variables.less","digest":"16ff91226d75eee2b1f50109fe01fd7b9aa586c9"}],"version":1}