{"digest":"a25a3b8c740ed552295164442b4ff8d8d1515f52","css":".key-binding-resolver {\n  -webkit-flex: 0.25;\n  overflow: auto;\n}\n.key-binding-resolver .keystroke {\n  margin-right: 1em;\n}\n.key-binding-resolver table .used {\n  color: #2bda77;\n}\n.key-binding-resolver table .unused {\n  color: #aaaaaa;\n}\n.key-binding-resolver table .unmatched {\n  color: #555555;\n}\n.key-binding-resolver table .used .command::before,\n.key-binding-resolver table .unused .command::before {\n  font-family: 'Octicons Regular';\n  font-weight: normal;\n  font-style: normal;\n  display: inline-block;\n  line-height: 1;\n  -webkit-font-smoothing: antialiased;\n  text-decoration: none;\n  font-size: 16px;\n  width: 16px;\n  height: 16px;\n  content: \"\\f03a\";\n}\n.key-binding-resolver table .unmatched .command::before {\n  font-family: 'Octicons Regular';\n  font-weight: normal;\n  font-style: normal;\n  display: inline-block;\n  line-height: 1;\n  -webkit-font-smoothing: antialiased;\n  text-decoration: none;\n  font-size: 16px;\n  width: 16px;\n  height: 16px;\n  content: \"\\f081\";\n}\n.key-binding-resolver table .command,\n.key-binding-resolver table .selector,\n.key-binding-resolver table .source {\n  min-width: 10em;\n}\n.key-binding-resolver table .source {\n  cursor: pointer;\n}\n","imports":[{"path":"static/variables/ui-variables.less","digest":"3b703d5c8511c09d0cc2c851f9099d683e6d2176"},{"path":"static/variables/syntax-variables.less","digest":"812c1b7883a023f768773d14294653adcdb932d7"},{"path":"node_modules/atom-dark-ui/styles/ui-variables.less","digest":"16ff91226d75eee2b1f50109fe01fd7b9aa586c9"},{"path":"static/variables/octicon-mixins.less","digest":"2030bff1fd92667bfd07922be221c344c90e072e"},{"path":"static/variables/octicon-utf-codes.less","digest":"698d6301324f239f0a1a144a805cdc3706c68876"},{"path":"static/variables/octicon-utf-codes.less","digest":"698d6301324f239f0a1a144a805cdc3706c68876"}],"version":1}