{"digest":"b72a2e8e65c33a2673ae5014690605f96af9ded4","css":".timecop {\n  overflow: auto;\n}\n.timecop .timecop-panel {\n  background-color: #1d1f21;\n}\n.timecop .list-item {\n  margin-top: 10px;\n  margin-bottom: 10px;\n}\n.timecop .panels {\n  display: -webkit-flex;\n  -webkit-flex-direction: row;\n}\n.timecop .package-panel {\n  display: -webkit-flex;\n  -webkit-flex-direction: row;\n  flex: 1;\n}\n.timecop .package-panel .list-group {\n  overflow: hidden;\n}\n.timecop .package-panel .inset-panel {\n  width: 100%;\n}\n.timecop .timing {\n  margin-bottom: 10px;\n}\n","imports":[{"path":"static/variables/ui-variables.less","digest":"3b703d5c8511c09d0cc2c851f9099d683e6d2176"},{"path":"static/variables/syntax-variables.less","digest":"812c1b7883a023f768773d14294653adcdb932d7"},{"path":"static/variables/octicon-mixins.less","digest":"2030bff1fd92667bfd07922be221c344c90e072e"},{"path":"static/variables/octicon-utf-codes.less","digest":"698d6301324f239f0a1a144a805cdc3706c68876"},{"path":"static/variables/octicon-utf-codes.less","digest":"698d6301324f239f0a1a144a805cdc3706c68876"},{"path":"node_modules/atom-dark-ui/styles/ui-variables.less","digest":"16ff91226d75eee2b1f50109fe01fd7b9aa586c9"}],"version":1}