{"digest":"c05c750f8e98f8afba35c2bd0ac9455ec701d507","css":".header-view {\n  position: fixed;\n  width: 100%;\n  z-index: 10;\n  position: relative;\n}\n.header-view .heading-close {\n  color: #ffffff;\n}\n.header-view .heading-title {\n  padding-left: 6px;\n}\n.header-view .heading-status {\n  padding-left: 9px;\n}\n.header-view .icon-alert {\n  color: #ff982d;\n}\n.header-view .icon-check {\n  color: #2bda77;\n}\n.header-view .icon-hourglass {\n  color: #aaaaaa;\n}\n.header-view .icon-stop {\n  color: #cc0000;\n}\n.script-view {\n  overflow: scroll;\n  max-height: 300px;\n  height: auto;\n  margin-bottom: 0px;\n}\n.script-view .panel-body pre {\n  background: #1d1f21;\n  color: #aaaaaa;\n}\n.script-view .stderr {\n  color: #cc0000;\n}\n.script-view .line {\n  border-radius: 0px;\n  margin: 0px;\n  padding: 0px;\n}\n","imports":[{"path":"static/variables/ui-variables.less","digest":"3b703d5c8511c09d0cc2c851f9099d683e6d2176"},{"path":"static/variables/syntax-variables.less","digest":"812c1b7883a023f768773d14294653adcdb932d7"},{"path":"node_modules/atom-dark-ui/styles/ui-variables.less","digest":"16ff91226d75eee2b1f50109fe01fd7b9aa586c9"}],"version":1}