{"digest":"d24ad9f1d18fa77b11c2a4ff859fb9cceeb0e11d","css":"atom-text-editor .gutter .line-number.bookmarked .icon-right,\natom-text-editor::shadow .gutter .line-number.bookmarked .icon-right {\n  visibility: visible;\n}\natom-text-editor .gutter .line-number.bookmarked .icon-right:before,\natom-text-editor::shadow .gutter .line-number.bookmarked .icon-right:before {\n  content: \"\\f07b\";\n  color: #09C;\n}\n.bookmarks-view .bookmark .line-text {\n  font-family: monospace;\n}\n","imports":[{"path":"static/variables/ui-variables.less","digest":"3b703d5c8511c09d0cc2c851f9099d683e6d2176"},{"path":"static/variables/syntax-variables.less","digest":"812c1b7883a023f768773d14294653adcdb932d7"},{"path":"static/variables/octicon-utf-codes.less","digest":"698d6301324f239f0a1a144a805cdc3706c68876"}],"version":1}