{"digest":"47624de69504142355ebbcc4f8f1e950c7825431","css":".image-view {\n  overflow: auto;\n}\n.image-view .image-controls {\n  background: none;\n  position: absolute;\n  top: 3px;\n  left: 3px;\n}\n.image-view .image-controls a {\n  width: 20px;\n  height: 20px;\n  font-size: 0;\n  margin: 2px;\n  vertical-align: top;\n  border-radius: 2px;\n  box-shadow: 0 1px 1px rgba(0, 0, 0, 0.3), 0 1px rgba(0, 0, 0, 0.6);\n  position: relative;\n  overflow: hidden;\n  display: inline-block;\n  -webkit-transition: -webkit-transform 0.1s;\n  -webkit-transform-style: preserve-3d;\n  -webkit-backface-visibility: hidden;\n}\n.image-view .image-controls a:hover {\n  -webkit-transform: scale(1.09);\n}\n.image-view .image-controls a:active {\n  -webkit-transform: scale(0.96);\n}\n.image-view .image-controls a:after {\n  content: '';\n  background: url(atom://image-view/images/transparent-background.png);\n  width: 100%;\n  height: 100%;\n  position: absolute;\n  top: 0;\n  left: 0;\n}\n.image-view .image-controls-color-white {\n  background-color: #fff;\n  color: #000;\n}\n.image-view .image-controls-color-black {\n  background-color: #000;\n  color: #fff;\n}\n.image-view .image-container {\n  height: 100%;\n  width: 100%;\n  padding: 10px;\n  display: table;\n}\n.image-view .image-container-cell {\n  text-align: center;\n  display: table-cell;\n  vertical-align: middle;\n}\n.image-view img {\n  box-sizing: content-box;\n  border: 1px solid #FFF;\n  background: #ffffff url(atom://image-view/images/transparent-background.png) right bottom;\n  box-shadow: #999 0 0 0 1px;\n  position: relative;\n  max-width: none;\n}\n","imports":[{"path":"static/variables/ui-variables.less","digest":"3b703d5c8511c09d0cc2c851f9099d683e6d2176"},{"path":"static/variables/syntax-variables.less","digest":"812c1b7883a023f768773d14294653adcdb932d7"}],"version":1}