{"digest":"b66dc988a56b84f5bae2317d7c35b619fe308d43","css":".styleguide {\n  position: relative;\n  overflow: auto;\n  font-size: 12px;\n}\n.styleguide > section.bordered {\n  padding: 20px;\n}\n.styleguide > section :last-child {\n  margin-bottom: 0;\n}\n.styleguide > section.collapsed > .section-heading {\n  display: block;\n  margin: 0;\n  color: #aaaaaa;\n}\n.styleguide > section.collapsed > * {\n  display: none;\n}\n.styleguide section .section-heading {\n  cursor: pointer;\n  font-weight: bold;\n  font-size: 1.6em;\n  color: #ffffff;\n}\n.styleguide section .section-heading:hover {\n  color: #ffffff;\n}\n.styleguide section[data-name=\"styleguide\"] {\n  border-top: none;\n}\n.styleguide .popover-list {\n  position: relative;\n}\n.styleguide .select-list atom-text-editor[mini],\n.styleguide .popover-list atom-text-editor[mini] {\n  height: 27px;\n}\n.styleguide .tooltip {\n  position: relative;\n  opacity: 1;\n  display: inline-block;\n  margin-right: 10px;\n}\n.styleguide .btn-collapse-all {\n  position: absolute;\n  right: 10px;\n  top: 10px;\n  z-index: 100;\n}\n.example {\n  display: -webkit-flex;\n  border: 1px solid rgba(0, 0, 0, 0.5);\n  border-radius: 2px;\n  margin: 10px 0;\n}\n.example > * {\n  width: 50%;\n}\n.example .example-rendered {\n  position: relative;\n  padding: 10px;\n  background: #222426;\n  overflow: hidden;\n  border-radius: 2px 0 0 2px;\n}\n.example .example-rendered .ui-site-1,\n.example .example-rendered .ui-site-2,\n.example .example-rendered .ui-site-3,\n.example .example-rendered .ui-site-4,\n.example .example-rendered .ui-site-5 {\n  height: 10px;\n  width: 100px;\n}\n.example .example-code {\n  position: relative;\n  background-color: #1d1f21;\n  border-left: 1px solid rgba(0, 0, 0, 0.5);\n}\n.example .example-code.show-example-space-pen .example-space-pen {\n  display: block;\n}\n.example .example-code.show-example-html .example-html {\n  display: block;\n}\n.example .example-code .btn-group {\n  position: absolute;\n  top: 10px;\n  right: 10px;\n  z-index: 10;\n}\n","imports":[{"path":"static/variables/ui-variables.less","digest":"3b703d5c8511c09d0cc2c851f9099d683e6d2176"},{"path":"static/variables/syntax-variables.less","digest":"812c1b7883a023f768773d14294653adcdb932d7"},{"path":"node_modules/atom-dark-ui/styles/ui-variables.less","digest":"16ff91226d75eee2b1f50109fe01fd7b9aa586c9"},{"path":"node_modules/atom-dark-syntax/styles/syntax-variables.less","digest":"df71fe29adb4c75717824afcb98e8d17e62d9e5d"}],"version":1}