{"_id":"emissary","_rev":"101-4e5c2dbfd44d61f76e115d685fa9d42a","name":"emissary","description":"Utility mixins for subscribing to and emitting events.","dist-tags":{"latest":"1.3.3"},"versions":{"0.1.0":{"name":"emissary","version":"0.1.0","description":"Utility mixins for subscribing to and emitting events.","main":"lib/emissary.js","scripts":{"test":"grunt test"},"repository":{"type":"git","url":"http://github.com/atom/emissary.git"},"bugs":{"url":"https://github.com/atom/emissary/issues"},"keywords":["event-emitter","events","subscribe","subscriber"],"author":{"name":"Nathan Sobo"},"licenses":[{"type":"MIT","url":"http://github.com/atom/emissary/raw/master/LICENSE.md"}],"dependencies":{},"devDependencies":{"coffee-script":"~1.6.3","jasmine-focused":"~0.12.0","grunt-contrib-coffee":"~0.7.0","grunt-cli":"~0.1.8","grunt":"~0.4.1","grunt-shell":"~0.2.2","grunt-coffeelint":"0.0.6","rimraf":"~2.2.2"},"_id":"emissary@0.1.0","dist":{"shasum":"0da09cf5aaad66ba997e2e6a4d1f48f4c6872535","tarball":"http://registry.npmjs.org/emissary/-/emissary-0.1.0.tgz"},"_from":".","_npmVersion":"1.3.8","_npmUser":{"name":"nathansobo","email":"nathansobo@gmail.com"},"maintainers":[{"name":"nathansobo","email":"nathansobo@gmail.com"}],"directories":{}},"0.1.1":{"name":"emissary","version":"0.1.1","description":"Utility mixins for subscribing to and emitting events.","main":"lib/emissary.js","scripts":{"test":"grunt test"},"repository":{"type":"git","url":"http://github.com/atom/emissary.git"},"bugs":{"url":"https://github.com/atom/emissary/issues"},"keywords":["event-emitter","events","subscribe","subscriber"],"author":{"name":"Nathan Sobo"},"licenses":[{"type":"MIT","url":"http://github.com/atom/emissary/raw/master/LICENSE.md"}],"dependencies":{},"devDependencies":{"coffee-script":"~1.6.3","jasmine-focused":"~0.12.0","grunt-contrib-coffee":"~0.7.0","grunt-cli":"~0.1.8","grunt":"~0.4.1","grunt-shell":"~0.2.2","grunt-coffeelint":"0.0.6","rimraf":"~2.2.2"},"_id":"emissary@0.1.1","dist":{"shasum":"bbeda1a1af0ad318721e8286578a672d1934010a","tarball":"http://registry.npmjs.org/emissary/-/emissary-0.1.1.tgz"},"_from":".","_npmVersion":"1.3.8","_npmUser":{"name":"nathansobo","email":"nathansobo@gmail.com"},"maintainers":[{"name":"nathansobo","email":"nathansobo@gmail.com"}],"directories":{}},"0.2.0":{"name":"emissary","version":"0.2.0","description":"Utility mixins for subscribing to and emitting events.","main":"lib/emissary.js","scripts":{"test":"grunt test"},"repository":{"type":"git","url":"http://github.com/atom/emissary.git"},"bugs":{"url":"https://github.com/atom/emissary/issues"},"keywords":["event-emitter","events","subscribe","subscriber"],"author":{"name":"Nathan Sobo"},"licenses":[{"type":"MIT","url":"http://github.com/atom/emissary/raw/master/LICENSE.md"}],"dependencies":{"tantamount":"~0.5.0"},"devDependencies":{"coffee-script":"~1.6.3","jasmine-focused":"~0.12.0","grunt-contrib-coffee":"~0.7.0","grunt-cli":"~0.1.8","grunt":"~0.4.1","grunt-shell":"~0.2.2","grunt-coffeelint":"0.0.6","rimraf":"~2.2.2"},"_id":"emissary@0.2.0","dist":{"shasum":"50885178d524f99b440d45cd23e4f7019c3bb89c","tarball":"http://registry.npmjs.org/emissary/-/emissary-0.2.0.tgz"},"_from":".","_npmVersion":"1.3.8","_npmUser":{"name":"nathansobo","email":"nathansobo@gmail.com"},"maintainers":[{"name":"nathansobo","email":"nathansobo@gmail.com"}],"directories":{}},"0.3.0":{"name":"emissary","version":"0.3.0","description":"Utility mixins for subscribing to and emitting events.","main":"lib/emissary.js","scripts":{"test":"grunt test"},"repository":{"type":"git","url":"http://github.com/atom/emissary.git"},"bugs":{"url":"https://github.com/atom/emissary/issues"},"keywords":["event-emitter","events","subscribe","subscriber"],"author":{"name":"Nathan Sobo"},"licenses":[{"type":"MIT","url":"http://github.com/atom/emissary/raw/master/LICENSE.md"}],"dependencies":{"tantamount":"~0.5.0"},"devDependencies":{"coffee-script":"~1.6.3","jasmine-focused":"~0.12.0","grunt-contrib-coffee":"~0.7.0","grunt-cli":"~0.1.8","grunt":"~0.4.1","grunt-shell":"~0.2.2","grunt-coffeelint":"0.0.6","rimraf":"~2.2.2"},"_id":"emissary@0.3.0","dist":{"shasum":"aaa59ea713cf798c7a75f623bf9a999232ac45d8","tarball":"http://registry.npmjs.org/emissary/-/emissary-0.3.0.tgz"},"_from":".","_npmVersion":"1.3.8","_npmUser":{"name":"nathansobo","email":"nathansobo@gmail.com"},"maintainers":[{"name":"nathansobo","email":"nathansobo@gmail.com"}],"directories":{}},"0.4.0":{"name":"emissary","version":"0.4.0","description":"Utility mixins for subscribing to and emitting events.","main":"lib/emissary.js","scripts":{"test":"grunt test"},"repository":{"type":"git","url":"http://github.com/atom/emissary.git"},"bugs":{"url":"https://github.com/atom/emissary/issues"},"keywords":["event-emitter","events","subscribe","subscriber"],"author":{"name":"Nathan Sobo"},"licenses":[{"type":"MIT","url":"http://github.com/atom/emissary/raw/master/LICENSE.md"}],"dependencies":{"tantamount":"~0.5.0"},"devDependencies":{"coffee-script":"~1.6.3","jasmine-focused":"~0.12.0","grunt-contrib-coffee":"~0.7.0","grunt-cli":"~0.1.8","grunt":"~0.4.1","grunt-shell":"~0.2.2","grunt-coffeelint":"0.0.6","rimraf":"~2.2.2"},"_id":"emissary@0.4.0","dist":{"shasum":"97844847d826a0074b2cedf96eee9dc74dc1b0e3","tarball":"http://registry.npmjs.org/emissary/-/emissary-0.4.0.tgz"},"_from":".","_npmVersion":"1.3.8","_npmUser":{"name":"nathansobo","email":"nathansobo@gmail.com"},"maintainers":[{"name":"nathansobo","email":"nathansobo@gmail.com"}],"directories":{}},"0.5.0":{"name":"emissary","version":"0.5.0","description":"Utility mixins for subscribing to and emitting events.","main":"lib/emissary.js","scripts":{"test":"grunt test","prepublish":"grunt clean lint coffee"},"repository":{"type":"git","url":"http://github.com/atom/emissary.git"},"bugs":{"url":"https://github.com/atom/emissary/issues"},"homepage":"http://atom.github.io/emissary","keywords":["event-emitter","events","subscribe","subscriber"],"author":{"name":"Nathan Sobo"},"licenses":[{"type":"MIT","url":"http://github.com/atom/emissary/raw/master/LICENSE.md"}],"dependencies":{"tantamount":"~0.5.0","mixto":"0.1.0"},"devDependencies":{"jasmine-focused":"~0.14.0","grunt-contrib-coffee":"~0.7.0","grunt-cli":"~0.1.8","grunt":"~0.4.1","grunt-shell":"~0.2.2","grunt-coffeelint":"0.0.6","rimraf":"~2.2.2"},"_id":"emissary@0.5.0","dist":{"shasum":"340f9d7da9d1fdb7e51ec3fede41bc4bfadd52f1","tarball":"http://registry.npmjs.org/emissary/-/emissary-0.5.0.tgz"},"_from":".","_npmVersion":"1.3.8","_npmUser":{"name":"nathansobo","email":"nathansobo@gmail.com"},"maintainers":[{"name":"nathansobo","email":"nathansobo@gmail.com"}],"directories":{}},"0.6.0":{"name":"emissary","version":"0.6.0","description":"Utility mixins for subscribing to and emitting events.","main":"lib/emissary.js","scripts":{"test":"grunt test","prepublish":"grunt clean lint coffee"},"repository":{"type":"git","url":"http://github.com/atom/emissary.git"},"bugs":{"url":"https://github.com/atom/emissary/issues"},"homepage":"http://atom.github.io/emissary","keywords":["event-emitter","events","subscribe","subscriber"],"author":{"name":"Nathan Sobo"},"licenses":[{"type":"MIT","url":"http://github.com/atom/emissary/raw/master/LICENSE.md"}],"dependencies":{"tantamount":"~0.5.0","mixto":"0.1.0"},"devDependencies":{"jasmine-focused":"~0.14.0","grunt-contrib-coffee":"~0.7.0","grunt-cli":"~0.1.8","grunt":"~0.4.1","grunt-shell":"~0.2.2","grunt-coffeelint":"0.0.6","rimraf":"~2.2.2"},"_id":"emissary@0.6.0","dist":{"shasum":"d491540368e854030f6ce1561f56f85ad4cc8e02","tarball":"http://registry.npmjs.org/emissary/-/emissary-0.6.0.tgz"},"_from":".","_npmVersion":"1.3.9","_npmUser":{"name":"kevinsawicki","email":"kevinsawicki@gmail.com"},"maintainers":[{"name":"nathansobo","email":"nathansobo@gmail.com"},{"name":"kevinsawicki","email":"kevinsawicki@gmail.com"}],"directories":{}},"0.7.0":{"name":"emissary","version":"0.7.0","description":"Utility mixins for subscribing to and emitting events.","main":"lib/emissary.js","scripts":{"test":"grunt test","prepublish":"grunt clean lint coffee"},"repository":{"type":"git","url":"http://github.com/atom/emissary.git"},"bugs":{"url":"https://github.com/atom/emissary/issues"},"homepage":"http://atom.github.io/emissary","keywords":["event-emitter","events","subscribe","subscriber"],"author":{"name":"Nathan Sobo"},"licenses":[{"type":"MIT","url":"http://github.com/atom/emissary/raw/master/LICENSE.md"}],"dependencies":{"tantamount":"~0.5.0","mixto":"0.1.0"},"devDependencies":{"jasmine-focused":"~0.14.0","grunt-contrib-coffee":"~0.7.0","grunt-cli":"~0.1.8","grunt":"~0.4.1","grunt-shell":"~0.2.2","grunt-coffeelint":"0.0.6","rimraf":"~2.2.2"},"_id":"emissary@0.7.0","dist":{"shasum":"83610c424b9afc16f588e51a6a2dece9e4829875","tarball":"http://registry.npmjs.org/emissary/-/emissary-0.7.0.tgz"},"_from":".","_npmVersion":"1.3.8","_npmUser":{"name":"nathansobo","email":"nathansobo@gmail.com"},"maintainers":[{"name":"nathansobo","email":"nathansobo@gmail.com"},{"name":"kevinsawicki","email":"kevinsawicki@gmail.com"}],"directories":{}},"0.8.0":{"name":"emissary","version":"0.8.0","description":"Utility mixins for subscribing to and emitting events.","main":"lib/emissary.js","scripts":{"test":"grunt test","prepublish":"grunt clean lint coffee"},"repository":{"type":"git","url":"http://github.com/atom/emissary.git"},"bugs":{"url":"https://github.com/atom/emissary/issues"},"homepage":"http://atom.github.io/emissary","keywords":["event-emitter","events","subscribe","subscriber"],"author":{"name":"Nathan Sobo"},"licenses":[{"type":"MIT","url":"http://github.com/atom/emissary/raw/master/LICENSE.md"}],"dependencies":{"tantamount":"~0.5.0","mixto":"0.1.0"},"devDependencies":{"jasmine-focused":"~0.14.0","grunt-contrib-coffee":"~0.7.0","grunt-cli":"~0.1.8","grunt":"~0.4.1","grunt-shell":"~0.2.2","grunt-coffeelint":"0.0.6","rimraf":"~2.2.2"},"_id":"emissary@0.8.0","dist":{"shasum":"fea62f2f0fa9b073e8035562fce483dd28fa7dd9","tarball":"http://registry.npmjs.org/emissary/-/emissary-0.8.0.tgz"},"_from":".","_npmVersion":"1.3.2","_npmUser":{"name":"kevinsawicki","email":"kevinsawicki@gmail.com"},"maintainers":[{"name":"nathansobo","email":"nathansobo@gmail.com"},{"name":"kevinsawicki","email":"kevinsawicki@gmail.com"}],"directories":{}},"0.9.0":{"name":"emissary","version":"0.9.0","description":"Utility mixins for subscribing to and emitting events.","main":"lib/emissary.js","scripts":{"test":"grunt test","prepublish":"grunt clean lint coffee"},"repository":{"type":"git","url":"http://github.com/atom/emissary.git"},"bugs":{"url":"https://github.com/atom/emissary/issues"},"homepage":"http://atom.github.io/emissary","keywords":["event-emitter","events","subscribe","subscriber"],"author":{"name":"Nathan Sobo"},"licenses":[{"type":"MIT","url":"http://github.com/atom/emissary/raw/master/LICENSE.md"}],"dependencies":{"tantamount":"~0.5.0","mixto":"0.1.0"},"devDependencies":{"jasmine-focused":"~0.14.0","grunt-contrib-coffee":"~0.7.0","grunt-cli":"~0.1.8","grunt":"~0.4.1","grunt-shell":"~0.2.2","grunt-coffeelint":"0.0.6","rimraf":"~2.2.2"},"_id":"emissary@0.9.0","dist":{"shasum":"60ecc4da3aad4f2228aff030112e834758f66564","tarball":"http://registry.npmjs.org/emissary/-/emissary-0.9.0.tgz"},"_from":".","_npmVersion":"1.3.2","_npmUser":{"name":"kevinsawicki","email":"kevinsawicki@gmail.com"},"maintainers":[{"name":"nathansobo","email":"nathansobo@gmail.com"},{"name":"kevinsawicki","email":"kevinsawicki@gmail.com"}],"directories":{}},"0.10.0":{"name":"emissary","version":"0.10.0","description":"Utility mixins for subscribing to and emitting events.","main":"lib/emissary.js","scripts":{"test":"grunt test","prepublish":"grunt clean lint coffee"},"repository":{"type":"git","url":"http://github.com/atom/emissary.git"},"bugs":{"url":"https://github.com/atom/emissary/issues"},"homepage":"http://atom.github.io/emissary","keywords":["event-emitter","events","subscribe","subscriber"],"author":{"name":"Nathan Sobo"},"licenses":[{"type":"MIT","url":"http://github.com/atom/emissary/raw/master/LICENSE.md"}],"dependencies":{"tantamount":"~0.5.0","mixto":"0.1.0"},"devDependencies":{"jasmine-focused":"~0.14.0","grunt-contrib-coffee":"~0.7.0","grunt-cli":"~0.1.8","grunt":"~0.4.1","grunt-shell":"~0.2.2","grunt-coffeelint":"0.0.6","rimraf":"~2.2.2"},"_id":"emissary@0.10.0","dist":{"shasum":"3c3815e5f39b61e0d63f9ab137234d668120b8da","tarball":"http://registry.npmjs.org/emissary/-/emissary-0.10.0.tgz"},"_from":".","_npmVersion":"1.3.8","_npmUser":{"name":"nathansobo","email":"nathansobo@gmail.com"},"maintainers":[{"name":"nathansobo","email":"nathansobo@gmail.com"},{"name":"kevinsawicki","email":"kevinsawicki@gmail.com"}],"directories":{}},"0.11.0":{"name":"emissary","version":"0.11.0","description":"Utility mixins for subscribing to and emitting events.","main":"lib/emissary.js","scripts":{"test":"grunt test","prepublish":"grunt clean lint coffee"},"repository":{"type":"git","url":"http://github.com/atom/emissary.git"},"bugs":{"url":"https://github.com/atom/emissary/issues"},"homepage":"http://atom.github.io/emissary","keywords":["event-emitter","events","subscribe","subscriber"],"author":{"name":"Nathan Sobo"},"licenses":[{"type":"MIT","url":"http://github.com/atom/emissary/raw/master/LICENSE.md"}],"dependencies":{"tantamount":"~0.5.0","mixto":"0.1.0"},"devDependencies":{"jasmine-focused":"~0.14.0","grunt-contrib-coffee":"~0.7.0","grunt-cli":"~0.1.8","grunt":"~0.4.1","grunt-shell":"~0.2.2","grunt-coffeelint":"0.0.6","rimraf":"~2.2.2"},"_id":"emissary@0.11.0","dist":{"shasum":"d817651f9d75832fafe28cda83c041c54545cf87","tarball":"http://registry.npmjs.org/emissary/-/emissary-0.11.0.tgz"},"_from":".","_npmVersion":"1.3.8","_npmUser":{"name":"nathansobo","email":"nathansobo@gmail.com"},"maintainers":[{"name":"nathansobo","email":"nathansobo@gmail.com"},{"name":"kevinsawicki","email":"kevinsawicki@gmail.com"}],"directories":{}},"0.12.0":{"name":"emissary","version":"0.12.0","description":"Utility mixins for subscribing to and emitting events.","main":"lib/emissary.js","scripts":{"test":"grunt test","prepublish":"grunt clean lint coffee"},"repository":{"type":"git","url":"http://github.com/atom/emissary.git"},"bugs":{"url":"https://github.com/atom/emissary/issues"},"homepage":"http://atom.github.io/emissary","keywords":["event-emitter","events","subscribe","subscriber"],"author":{"name":"Nathan Sobo"},"licenses":[{"type":"MIT","url":"http://github.com/atom/emissary/raw/master/LICENSE.md"}],"dependencies":{"tantamount":"~0.5.0","mixto":"0.1.0"},"devDependencies":{"jasmine-focused":"~0.14.0","grunt-contrib-coffee":"~0.7.0","grunt-cli":"~0.1.8","grunt":"~0.4.1","grunt-shell":"~0.2.2","grunt-coffeelint":"0.0.6","rimraf":"~2.2.2"},"_id":"emissary@0.12.0","dist":{"shasum":"ac231b2b452f303e2822d71e258eaf2bed6e1429","tarball":"http://registry.npmjs.org/emissary/-/emissary-0.12.0.tgz"},"_from":".","_npmVersion":"1.3.8","_npmUser":{"name":"nathansobo","email":"nathansobo@gmail.com"},"maintainers":[{"name":"nathansobo","email":"nathansobo@gmail.com"},{"name":"kevinsawicki","email":"kevinsawicki@gmail.com"}],"directories":{}},"0.13.0":{"name":"emissary","version":"0.13.0","description":"Utility mixins for subscribing to and emitting events.","main":"lib/emissary.js","scripts":{"test":"grunt test","prepublish":"grunt clean lint coffee"},"repository":{"type":"git","url":"http://github.com/atom/emissary.git"},"bugs":{"url":"https://github.com/atom/emissary/issues"},"homepage":"http://atom.github.io/emissary","keywords":["event-emitter","events","subscribe","subscriber"],"author":{"name":"Nathan Sobo"},"licenses":[{"type":"MIT","url":"http://github.com/atom/emissary/raw/master/LICENSE.md"}],"dependencies":{"tantamount":"~0.5.0","mixto":"0.1.0"},"devDependencies":{"jasmine-focused":"~0.14.0","grunt-contrib-coffee":"~0.7.0","grunt-cli":"~0.1.8","grunt":"~0.4.1","grunt-shell":"~0.2.2","grunt-coffeelint":"0.0.6","rimraf":"~2.2.2"},"_id":"emissary@0.13.0","dist":{"shasum":"9f4f726fc5f3cccc86c9c36a9147f8121e3d2795","tarball":"http://registry.npmjs.org/emissary/-/emissary-0.13.0.tgz"},"_from":".","_npmVersion":"1.3.2","_npmUser":{"name":"kevinsawicki","email":"kevinsawicki@gmail.com"},"maintainers":[{"name":"nathansobo","email":"nathansobo@gmail.com"},{"name":"kevinsawicki","email":"kevinsawicki@gmail.com"}],"directories":{}},"0.14.0":{"name":"emissary","version":"0.14.0","description":"Utility mixins for subscribing to and emitting events.","main":"lib/emissary.js","scripts":{"test":"grunt test","prepublish":"grunt clean lint coffee"},"repository":{"type":"git","url":"http://github.com/atom/emissary.git"},"bugs":{"url":"https://github.com/atom/emissary/issues"},"homepage":"http://atom.github.io/emissary","keywords":["event-emitter","events","subscribe","subscriber"],"author":{"name":"Nathan Sobo"},"licenses":[{"type":"MIT","url":"http://github.com/atom/emissary/raw/master/LICENSE.md"}],"dependencies":{"tantamount":"~0.5.0","mixto":"0.1.0"},"devDependencies":{"jasmine-focused":"~0.14.0","grunt-contrib-coffee":"~0.7.0","grunt-cli":"~0.1.8","grunt":"~0.4.1","grunt-shell":"~0.2.2","grunt-coffeelint":"0.0.6","rimraf":"~2.2.2"},"_id":"emissary@0.14.0","dist":{"shasum":"7311417f9bdf135effbb82dae69d5d5a2080155c","tarball":"http://registry.npmjs.org/emissary/-/emissary-0.14.0.tgz"},"_from":".","_npmVersion":"1.3.8","_npmUser":{"name":"nathansobo","email":"nathansobo@gmail.com"},"maintainers":[{"name":"nathansobo","email":"nathansobo@gmail.com"},{"name":"kevinsawicki","email":"kevinsawicki@gmail.com"}],"directories":{}},"0.15.0":{"name":"emissary","version":"0.15.0","description":"Utility mixins for subscribing to and emitting events.","main":"lib/emissary.js","scripts":{"test":"grunt test","prepublish":"grunt clean lint coffee"},"repository":{"type":"git","url":"http://github.com/atom/emissary.git"},"bugs":{"url":"https://github.com/atom/emissary/issues"},"homepage":"http://atom.github.io/emissary","keywords":["event-emitter","events","subscribe","subscriber"],"author":{"name":"Nathan Sobo"},"licenses":[{"type":"MIT","url":"http://github.com/atom/emissary/raw/master/LICENSE.md"}],"dependencies":{"tantamount":"~0.5.0","mixto":"0.1.0"},"devDependencies":{"jasmine-focused":"~0.14.0","grunt-contrib-coffee":"~0.7.0","grunt-cli":"~0.1.8","grunt":"~0.4.1","grunt-shell":"~0.2.2","grunt-coffeelint":"0.0.6","rimraf":"~2.2.2"},"_id":"emissary@0.15.0","dist":{"shasum":"5a8978cc85cb2aab20d477c60416972fdc8901ba","tarball":"http://registry.npmjs.org/emissary/-/emissary-0.15.0.tgz"},"_from":".","_npmVersion":"1.3.2","_npmUser":{"name":"kevinsawicki","email":"kevinsawicki@gmail.com"},"maintainers":[{"name":"nathansobo","email":"nathansobo@gmail.com"},{"name":"kevinsawicki","email":"kevinsawicki@gmail.com"}],"directories":{}},"0.16.0":{"name":"emissary","version":"0.16.0","description":"Utility mixins for subscribing to and emitting events.","main":"lib/emissary.js","scripts":{"test":"grunt test","prepublish":"grunt clean lint coffee"},"repository":{"type":"git","url":"http://github.com/atom/emissary.git"},"bugs":{"url":"https://github.com/atom/emissary/issues"},"homepage":"http://atom.github.io/emissary","keywords":["event-emitter","events","subscribe","subscriber"],"author":{"name":"Nathan Sobo"},"licenses":[{"type":"MIT","url":"http://github.com/atom/emissary/raw/master/LICENSE.md"}],"dependencies":{"tantamount":"~0.5.0","mixto":"0.3.0"},"devDependencies":{"jasmine-focused":"~0.14.0","grunt-contrib-coffee":"~0.7.0","grunt-cli":"~0.1.8","grunt":"~0.4.1","grunt-shell":"~0.2.2","grunt-coffeelint":"0.0.6","rimraf":"~2.2.2"},"_id":"emissary@0.16.0","dist":{"shasum":"9d7964abde5e68e9fc6954bc3c6c8a980dcb68a5","tarball":"http://registry.npmjs.org/emissary/-/emissary-0.16.0.tgz"},"_from":".","_npmVersion":"1.3.14","_npmUser":{"name":"nathansobo","email":"nathansobo@gmail.com"},"maintainers":[{"name":"nathansobo","email":"nathansobo@gmail.com"},{"name":"kevinsawicki","email":"kevinsawicki@gmail.com"}],"directories":{}},"0.17.0":{"name":"emissary","version":"0.17.0","description":"Utility mixins for subscribing to and emitting events.","main":"lib/emissary.js","scripts":{"test":"grunt test","prepublish":"grunt clean lint coffee"},"repository":{"type":"git","url":"http://github.com/atom/emissary.git"},"bugs":{"url":"https://github.com/atom/emissary/issues"},"homepage":"http://atom.github.io/emissary","keywords":["event-emitter","events","subscribe","subscriber"],"author":{"name":"Nathan Sobo"},"licenses":[{"type":"MIT","url":"http://github.com/atom/emissary/raw/master/LICENSE.md"}],"dependencies":{"tantamount":"~0.5.0","mixto":"0.3.0"},"devDependencies":{"jasmine-focused":"~0.14.0","grunt-contrib-coffee":"~0.7.0","grunt-cli":"~0.1.8","grunt":"~0.4.1","grunt-shell":"~0.2.2","grunt-coffeelint":"0.0.6","rimraf":"~2.2.2"},"_id":"emissary@0.17.0","dist":{"shasum":"bb078fd4f44500f4b8750f4a329988f11a3d8657","tarball":"http://registry.npmjs.org/emissary/-/emissary-0.17.0.tgz"},"_from":".","_npmVersion":"1.3.14","_npmUser":{"name":"nathansobo","email":"nathansobo@gmail.com"},"maintainers":[{"name":"nathansobo","email":"nathansobo@gmail.com"},{"name":"kevinsawicki","email":"kevinsawicki@gmail.com"}],"directories":{}},"0.18.0":{"name":"emissary","version":"0.18.0","description":"Utility mixins for subscribing to and emitting events.","main":"lib/emissary.js","scripts":{"test":"grunt test","prepublish":"grunt clean lint coffee"},"repository":{"type":"git","url":"http://github.com/atom/emissary.git"},"bugs":{"url":"https://github.com/atom/emissary/issues"},"homepage":"http://atom.github.io/emissary","keywords":["event-emitter","events","subscribe","subscriber"],"author":{"name":"Nathan Sobo"},"licenses":[{"type":"MIT","url":"http://github.com/atom/emissary/raw/master/LICENSE.md"}],"dependencies":{"tantamount":"~0.6.0","mixto":"0.3.0"},"devDependencies":{"jasmine-focused":"~0.14.0","grunt-contrib-coffee":"~0.7.0","grunt-cli":"~0.1.8","grunt":"~0.4.1","grunt-shell":"~0.2.2","grunt-coffeelint":"0.0.6","rimraf":"~2.2.2"},"_id":"emissary@0.18.0","dist":{"shasum":"892afa74f730e45868b1a7799e65ea02edceb325","tarball":"http://registry.npmjs.org/emissary/-/emissary-0.18.0.tgz"},"_from":".","_npmVersion":"1.3.2","_npmUser":{"name":"kevinsawicki","email":"kevinsawicki@gmail.com"},"maintainers":[{"name":"nathansobo","email":"nathansobo@gmail.com"},{"name":"kevinsawicki","email":"kevinsawicki@gmail.com"}],"directories":{}},"0.19.0":{"name":"emissary","version":"0.19.0","description":"Utility mixins for subscribing to and emitting events.","main":"lib/emissary.js","scripts":{"test":"grunt test","prepublish":"grunt clean lint coffee"},"repository":{"type":"git","url":"http://github.com/atom/emissary.git"},"bugs":{"url":"https://github.com/atom/emissary/issues"},"homepage":"http://atom.github.io/emissary","keywords":["event-emitter","events","subscribe","subscriber"],"author":{"name":"Nathan Sobo"},"licenses":[{"type":"MIT","url":"http://github.com/atom/emissary/raw/master/LICENSE.md"}],"dependencies":{"tantamount":"~0.6.0","mixto":"0.3.0"},"devDependencies":{"jasmine-focused":"~0.14.0","grunt-contrib-coffee":"~0.7.0","grunt-cli":"~0.1.8","grunt":"~0.4.1","grunt-shell":"~0.2.2","grunt-coffeelint":"0.0.6","rimraf":"~2.2.2"},"_id":"emissary@0.19.0","dist":{"shasum":"ba07227ebb3433846036f7e4b0e0634e35b27f56","tarball":"http://registry.npmjs.org/emissary/-/emissary-0.19.0.tgz"},"_from":".","_npmVersion":"1.3.2","_npmUser":{"name":"kevinsawicki","email":"kevinsawicki@gmail.com"},"maintainers":[{"name":"nathansobo","email":"nathansobo@gmail.com"},{"name":"kevinsawicki","email":"kevinsawicki@gmail.com"}],"directories":{}},"0.20.0":{"name":"emissary","version":"0.20.0","description":"Utility mixins for subscribing to and emitting events.","main":"lib/emissary.js","scripts":{"test":"grunt test","prepublish":"grunt clean lint coffee"},"repository":{"type":"git","url":"http://github.com/atom/emissary.git"},"bugs":{"url":"https://github.com/atom/emissary/issues"},"homepage":"http://atom.github.io/emissary","keywords":["event-emitter","events","subscribe","subscriber"],"author":{"name":"Nathan Sobo"},"licenses":[{"type":"MIT","url":"http://github.com/atom/emissary/raw/master/LICENSE.md"}],"dependencies":{"tantamount":"~0.6.0","mixto":"0.3.0"},"devDependencies":{"jasmine-focused":"~0.14.0","grunt-contrib-coffee":"~0.7.0","grunt-cli":"~0.1.8","grunt":"~0.4.1","grunt-shell":"~0.2.2","grunt-coffeelint":"0.0.6","rimraf":"~2.2.2"},"_id":"emissary@0.20.0","dist":{"shasum":"e07c56bee84f969d903f70e95900860854991ec3","tarball":"http://registry.npmjs.org/emissary/-/emissary-0.20.0.tgz"},"_from":".","_npmVersion":"1.3.14","_npmUser":{"name":"nathansobo","email":"nathansobo@gmail.com"},"maintainers":[{"name":"nathansobo","email":"nathansobo@gmail.com"},{"name":"kevinsawicki","email":"kevinsawicki@gmail.com"}],"directories":{}},"0.21.0":{"name":"emissary","version":"0.21.0","description":"Utility mixins for subscribing to and emitting events.","main":"lib/emissary.js","scripts":{"test":"grunt test","prepublish":"grunt clean lint coffee"},"repository":{"type":"git","url":"http://github.com/atom/emissary.git"},"bugs":{"url":"https://github.com/atom/emissary/issues"},"homepage":"http://atom.github.io/emissary","keywords":["event-emitter","events","subscribe","subscriber"],"author":{"name":"Nathan Sobo"},"licenses":[{"type":"MIT","url":"http://github.com/atom/emissary/raw/master/LICENSE.md"}],"dependencies":{"tantamount":"~0.6.0","mixto":"0.3.0"},"devDependencies":{"jasmine-focused":"~0.14.0","grunt-contrib-coffee":"~0.7.0","grunt-cli":"~0.1.8","grunt":"~0.4.1","grunt-shell":"~0.2.2","grunt-coffeelint":"0.0.6","rimraf":"~2.2.2"},"_id":"emissary@0.21.0","dist":{"shasum":"e8c73c7b81a5f681bcf036e0ce53ce66217b76fd","tarball":"http://registry.npmjs.org/emissary/-/emissary-0.21.0.tgz"},"_from":".","_npmVersion":"1.3.14","_npmUser":{"name":"nathansobo","email":"nathansobo@gmail.com"},"maintainers":[{"name":"nathansobo","email":"nathansobo@gmail.com"},{"name":"kevinsawicki","email":"kevinsawicki@gmail.com"}],"directories":{}},"0.22.0":{"name":"emissary","version":"0.22.0","description":"Utility mixins for subscribing to and emitting events.","main":"lib/emissary.js","scripts":{"test":"grunt test","prepublish":"grunt clean lint coffee"},"repository":{"type":"git","url":"http://github.com/atom/emissary.git"},"bugs":{"url":"https://github.com/atom/emissary/issues"},"homepage":"http://atom.github.io/emissary","keywords":["event-emitter","events","subscribe","subscriber"],"author":{"name":"Nathan Sobo"},"licenses":[{"type":"MIT","url":"http://github.com/atom/emissary/raw/master/LICENSE.md"}],"dependencies":{"tantamount":"~0.6.0","mixto":"0.3.0"},"devDependencies":{"jasmine-focused":"~0.14.0","grunt-contrib-coffee":"~0.7.0","grunt-cli":"~0.1.8","grunt":"~0.4.1","grunt-shell":"~0.2.2","grunt-coffeelint":"0.0.6","rimraf":"~2.2.2"},"_id":"emissary@0.22.0","dist":{"shasum":"79d470b1396f4db2d37727fe05344840501a31bf","tarball":"http://registry.npmjs.org/emissary/-/emissary-0.22.0.tgz"},"_from":".","_npmVersion":"1.3.14","_npmUser":{"name":"nathansobo","email":"nathansobo@gmail.com"},"maintainers":[{"name":"nathansobo","email":"nathansobo@gmail.com"},{"name":"kevinsawicki","email":"kevinsawicki@gmail.com"}],"directories":{}},"0.24.0":{"name":"emissary","version":"0.24.0","description":"Utility mixins for subscribing to and emitting events.","main":"lib/emissary.js","scripts":{"test":"grunt test","prepublish":"grunt clean lint coffee"},"repository":{"type":"git","url":"http://github.com/atom/emissary.git"},"bugs":{"url":"https://github.com/atom/emissary/issues"},"homepage":"http://atom.github.io/emissary","keywords":["event-emitter","events","subscribe","subscriber"],"author":{"name":"Nathan Sobo"},"licenses":[{"type":"MIT","url":"http://github.com/atom/emissary/raw/master/LICENSE.md"}],"dependencies":{"tantamount":"~0.6.0","mixto":"0.3.0"},"devDependencies":{"jasmine-focused":"~0.14.0","grunt-contrib-coffee":"~0.7.0","grunt-cli":"~0.1.8","grunt":"~0.4.1","grunt-shell":"~0.2.2","grunt-coffeelint":"0.0.6","rimraf":"~2.2.2"},"_id":"emissary@0.24.0","dist":{"shasum":"d656bbe96915418596874cc2d0dafb6ea59ccb08","tarball":"http://registry.npmjs.org/emissary/-/emissary-0.24.0.tgz"},"_from":".","_npmVersion":"1.3.14","_npmUser":{"name":"nathansobo","email":"nathansobo@gmail.com"},"maintainers":[{"name":"nathansobo","email":"nathansobo@gmail.com"},{"name":"kevinsawicki","email":"kevinsawicki@gmail.com"}],"directories":{}},"0.25.0":{"name":"emissary","version":"0.25.0","description":"Utility mixins for subscribing to and emitting events.","main":"lib/emissary.js","scripts":{"test":"grunt test","prepublish":"grunt clean lint coffee"},"repository":{"type":"git","url":"http://github.com/atom/emissary.git"},"bugs":{"url":"https://github.com/atom/emissary/issues"},"homepage":"http://atom.github.io/emissary","keywords":["event-emitter","events","subscribe","subscriber"],"author":{"name":"Nathan Sobo"},"licenses":[{"type":"MIT","url":"http://github.com/atom/emissary/raw/master/LICENSE.md"}],"dependencies":{"tantamount":"~0.6.0","mixto":"0.3.0"},"devDependencies":{"jasmine-focused":"~0.14.0","grunt-contrib-coffee":"~0.7.0","grunt-cli":"~0.1.8","grunt":"~0.4.1","grunt-shell":"~0.2.2","grunt-coffeelint":"0.0.6","rimraf":"~2.2.2"},"_id":"emissary@0.25.0","dist":{"shasum":"f5da0d67be0e1242b3302aa0afa46b9006e075f4","tarball":"http://registry.npmjs.org/emissary/-/emissary-0.25.0.tgz"},"_from":".","_npmVersion":"1.3.14","_npmUser":{"name":"nathansobo","email":"nathansobo@gmail.com"},"maintainers":[{"name":"nathansobo","email":"nathansobo@gmail.com"},{"name":"kevinsawicki","email":"kevinsawicki@gmail.com"}],"directories":{}},"0.26.0":{"name":"emissary","version":"0.26.0","description":"Utility mixins for subscribing to and emitting events.","main":"lib/emissary.js","scripts":{"test":"grunt test","prepublish":"grunt clean lint coffee"},"repository":{"type":"git","url":"http://github.com/atom/emissary.git"},"bugs":{"url":"https://github.com/atom/emissary/issues"},"homepage":"http://atom.github.io/emissary","keywords":["event-emitter","events","subscribe","subscriber"],"author":{"name":"Nathan Sobo"},"licenses":[{"type":"MIT","url":"http://github.com/atom/emissary/raw/master/LICENSE.md"}],"dependencies":{"tantamount":"~0.6.0","mixto":"0.3.0"},"devDependencies":{"jasmine-focused":"~0.14.0","grunt-contrib-coffee":"~0.7.0","grunt-cli":"~0.1.8","grunt":"~0.4.1","grunt-shell":"~0.2.2","grunt-coffeelint":"0.0.6","rimraf":"~2.2.2"},"_id":"emissary@0.26.0","dist":{"shasum":"d6cf86c7d54ae5a606182bb6d7ef1cf24cc44952","tarball":"http://registry.npmjs.org/emissary/-/emissary-0.26.0.tgz"},"_from":".","_npmVersion":"1.3.14","_npmUser":{"name":"nathansobo","email":"nathansobo@gmail.com"},"maintainers":[{"name":"nathansobo","email":"nathansobo@gmail.com"},{"name":"kevinsawicki","email":"kevinsawicki@gmail.com"}],"directories":{}},"0.27.0":{"name":"emissary","version":"0.27.0","description":"Utility mixins for subscribing to and emitting events.","main":"lib/emissary.js","scripts":{"test":"grunt test","prepublish":"grunt clean lint coffee"},"repository":{"type":"git","url":"http://github.com/atom/emissary.git"},"bugs":{"url":"https://github.com/atom/emissary/issues"},"homepage":"http://atom.github.io/emissary","keywords":["event-emitter","events","subscribe","subscriber"],"author":{"name":"Nathan Sobo"},"licenses":[{"type":"MIT","url":"http://github.com/atom/emissary/raw/master/LICENSE.md"}],"dependencies":{"tantamount":"~0.6.0","mixto":"0.3.0"},"devDependencies":{"jasmine-focused":"~0.14.0","grunt-contrib-coffee":"~0.7.0","grunt-cli":"~0.1.8","grunt":"~0.4.1","grunt-shell":"~0.2.2","grunt-coffeelint":"0.0.6","rimraf":"~2.2.2"},"_id":"emissary@0.27.0","dist":{"shasum":"1f1d2eeaa309a4e5bfc33781eec27e4506927c89","tarball":"http://registry.npmjs.org/emissary/-/emissary-0.27.0.tgz"},"_from":".","_npmVersion":"1.3.14","_npmUser":{"name":"nathansobo","email":"nathansobo@gmail.com"},"maintainers":[{"name":"nathansobo","email":"nathansobo@gmail.com"},{"name":"kevinsawicki","email":"kevinsawicki@gmail.com"}],"directories":{}},"0.28.0":{"name":"emissary","version":"0.28.0","description":"Utility mixins for subscribing to and emitting events.","main":"lib/emissary.js","scripts":{"test":"grunt test","prepublish":"grunt clean lint coffee"},"repository":{"type":"git","url":"http://github.com/atom/emissary.git"},"bugs":{"url":"https://github.com/atom/emissary/issues"},"homepage":"http://atom.github.io/emissary","keywords":["event-emitter","events","subscribe","subscriber"],"author":{"name":"Nathan Sobo"},"licenses":[{"type":"MIT","url":"http://github.com/atom/emissary/raw/master/LICENSE.md"}],"dependencies":{"tantamount":"~0.6.0","mixto":"0.3.0","property-accessors":"~0.1.0"},"devDependencies":{"jasmine-focused":"~0.14.0","grunt-contrib-coffee":"~0.7.0","grunt-cli":"~0.1.8","grunt":"~0.4.1","grunt-shell":"~0.2.2","grunt-coffeelint":"0.0.6","rimraf":"~2.2.2"},"_id":"emissary@0.28.0","dist":{"shasum":"af48e2cc3d233c449ce3b5f587320e20482540aa","tarball":"http://registry.npmjs.org/emissary/-/emissary-0.28.0.tgz"},"_from":".","_npmVersion":"1.3.14","_npmUser":{"name":"nathansobo","email":"nathansobo@gmail.com"},"maintainers":[{"name":"nathansobo","email":"nathansobo@gmail.com"},{"name":"kevinsawicki","email":"kevinsawicki@gmail.com"}],"directories":{}},"0.29.0":{"name":"emissary","version":"0.29.0","description":"Utility mixins for subscribing to and emitting events.","main":"lib/emissary.js","scripts":{"test":"grunt test","prepublish":"grunt clean lint coffee"},"repository":{"type":"git","url":"http://github.com/atom/emissary.git"},"bugs":{"url":"https://github.com/atom/emissary/issues"},"homepage":"http://atom.github.io/emissary","keywords":["event-emitter","events","subscribe","subscriber"],"author":{"name":"Nathan Sobo"},"licenses":[{"type":"MIT","url":"http://github.com/atom/emissary/raw/master/LICENSE.md"}],"dependencies":{"tantamount":"~0.6.0","mixto":"0.3.0","property-accessors":"~0.1.0"},"devDependencies":{"jasmine-focused":"~0.14.0","grunt-contrib-coffee":"~0.7.0","grunt-cli":"~0.1.8","grunt":"~0.4.1","grunt-shell":"~0.2.2","grunt-coffeelint":"0.0.6","rimraf":"~2.2.2"},"_id":"emissary@0.29.0","dist":{"shasum":"30314f0eff58efa43927c30f0c6d5b4c2db1df92","tarball":"http://registry.npmjs.org/emissary/-/emissary-0.29.0.tgz"},"_from":".","_npmVersion":"1.3.14","_npmUser":{"name":"nathansobo","email":"nathansobo@gmail.com"},"maintainers":[{"name":"nathansobo","email":"nathansobo@gmail.com"},{"name":"kevinsawicki","email":"kevinsawicki@gmail.com"}],"directories":{}},"0.30.0":{"name":"emissary","version":"0.30.0","description":"Utility mixins for subscribing to and emitting events.","main":"lib/emissary.js","scripts":{"test":"grunt test","prepublish":"grunt clean lint coffee"},"repository":{"type":"git","url":"http://github.com/atom/emissary.git"},"bugs":{"url":"https://github.com/atom/emissary/issues"},"homepage":"http://atom.github.io/emissary","keywords":["event-emitter","events","subscribe","subscriber"],"author":{"name":"Nathan Sobo"},"licenses":[{"type":"MIT","url":"http://github.com/atom/emissary/raw/master/LICENSE.md"}],"dependencies":{"tantamount":"~0.6.0","mixto":"0.3.0","property-accessors":"~0.1.0"},"devDependencies":{"jasmine-focused":"~0.14.0","grunt-contrib-coffee":"~0.7.0","grunt-cli":"~0.1.8","grunt":"~0.4.1","grunt-shell":"~0.2.2","grunt-coffeelint":"0.0.6","rimraf":"~2.2.2"},"_id":"emissary@0.30.0","dist":{"shasum":"94dca2d2cab107eb256ed0eb1c650d0736302ac7","tarball":"http://registry.npmjs.org/emissary/-/emissary-0.30.0.tgz"},"_from":".","_npmVersion":"1.3.14","_npmUser":{"name":"nathansobo","email":"nathansobo@gmail.com"},"maintainers":[{"name":"nathansobo","email":"nathansobo@gmail.com"},{"name":"kevinsawicki","email":"kevinsawicki@gmail.com"}],"directories":{}},"0.31.0":{"name":"emissary","version":"0.31.0","description":"Utility mixins for subscribing to and emitting events.","main":"lib/emissary.js","scripts":{"test":"grunt test","prepublish":"grunt clean lint coffee"},"repository":{"type":"git","url":"http://github.com/atom/emissary.git"},"bugs":{"url":"https://github.com/atom/emissary/issues"},"homepage":"http://atom.github.io/emissary","keywords":["event-emitter","events","subscribe","subscriber"],"author":{"name":"Nathan Sobo"},"licenses":[{"type":"MIT","url":"http://github.com/atom/emissary/raw/master/LICENSE.md"}],"dependencies":{"tantamount":"~0.6.0","mixto":"0.3.0","property-accessors":"~0.1.0"},"devDependencies":{"jasmine-focused":"~0.14.0","grunt-contrib-coffee":"~0.7.0","grunt-cli":"~0.1.8","grunt":"~0.4.1","grunt-shell":"~0.2.2","grunt-coffeelint":"0.0.6","rimraf":"~2.2.2"},"_id":"emissary@0.31.0","dist":{"shasum":"bf9b6f4af2f3ac59a1e6222b1fea29a4a9536a63","tarball":"http://registry.npmjs.org/emissary/-/emissary-0.31.0.tgz"},"_from":".","_npmVersion":"1.3.14","_npmUser":{"name":"nathansobo","email":"nathansobo@gmail.com"},"maintainers":[{"name":"nathansobo","email":"nathansobo@gmail.com"},{"name":"kevinsawicki","email":"kevinsawicki@gmail.com"}],"directories":{}},"1.0.0":{"name":"emissary","version":"1.0.0","description":"Utility mixins for subscribing to and emitting events.","main":"lib/emissary.js","scripts":{"test":"grunt test","prepublish":"grunt clean lint coffee"},"repository":{"type":"git","url":"http://github.com/atom/emissary.git"},"bugs":{"url":"https://github.com/atom/emissary/issues"},"homepage":"http://atom.github.io/emissary","keywords":["event-emitter","events","subscribe","subscriber"],"author":{"name":"Nathan Sobo"},"licenses":[{"type":"MIT","url":"http://github.com/atom/emissary/raw/master/LICENSE.md"}],"dependencies":{"underscore-plus":"1.x","mixto":"1.x","property-accessors":"1.x"},"devDependencies":{"jasmine-focused":"~0.19.0","grunt-contrib-coffee":"~0.7.0","grunt-cli":"~0.1.8","grunt":"~0.4.1","grunt-shell":"~0.2.2","grunt-coffeelint":"0.0.6","rimraf":"~2.2.2"},"_id":"emissary@1.0.0","dist":{"shasum":"47bb514d222dc3c578ef6a72e47b87999fae50ec","tarball":"http://registry.npmjs.org/emissary/-/emissary-1.0.0.tgz"},"_from":".","_npmVersion":"1.3.2","_npmUser":{"name":"kevinsawicki","email":"kevinsawicki@gmail.com"},"maintainers":[{"name":"nathansobo","email":"nathansobo@gmail.com"},{"name":"kevinsawicki","email":"kevinsawicki@gmail.com"}],"directories":{}},"1.1.0":{"name":"emissary","version":"1.1.0","description":"Utility mixins for subscribing to and emitting events.","main":"lib/emissary.js","scripts":{"test":"grunt test","prepublish":"grunt clean lint coffee"},"repository":{"type":"git","url":"http://github.com/atom/emissary.git"},"bugs":{"url":"https://github.com/atom/emissary/issues"},"homepage":"http://atom.github.io/emissary","keywords":["event-emitter","events","subscribe","subscriber"],"author":{"name":"Nathan Sobo"},"licenses":[{"type":"MIT","url":"http://github.com/atom/emissary/raw/master/LICENSE.md"}],"dependencies":{"underscore-plus":"1.x","mixto":"1.x","property-accessors":"1.x"},"devDependencies":{"jasmine-focused":"1.x","grunt-contrib-coffee":"~0.7.0","grunt-cli":"~0.1.8","grunt":"~0.4.1","grunt-shell":"~0.2.2","grunt-coffeelint":"0.0.6","rimraf":"~2.2.2"},"_id":"emissary@1.1.0","dist":{"shasum":"31b40f201242a2ac0243f0f66d2c782155f0d20f","tarball":"http://registry.npmjs.org/emissary/-/emissary-1.1.0.tgz"},"_from":".","_npmVersion":"1.4.4","_npmUser":{"name":"nathansobo","email":"nathansobo@gmail.com"},"maintainers":[{"name":"nathansobo","email":"nathansobo@gmail.com"},{"name":"kevinsawicki","email":"kevinsawicki@gmail.com"}],"directories":{}},"1.2.0":{"name":"emissary","version":"1.2.0","description":"Utility mixins for subscribing to and emitting events.","main":"lib/emissary.js","scripts":{"test":"grunt test","prepublish":"grunt clean lint coffee"},"repository":{"type":"git","url":"http://github.com/atom/emissary.git"},"bugs":{"url":"https://github.com/atom/emissary/issues"},"homepage":"http://atom.github.io/emissary","keywords":["event-emitter","events","subscribe","subscriber"],"author":{"name":"Nathan Sobo"},"licenses":[{"type":"MIT","url":"http://github.com/atom/emissary/raw/master/LICENSE.md"}],"dependencies":{"underscore-plus":"1.x","mixto":"1.x","property-accessors":"^1.1","harmony-collections":"git+https://github.com/Benvie/harmony-collections.git#e81b4b808359e2def9eeeabfdee69c2989e1fe96"},"devDependencies":{"jasmine-focused":"1.x","grunt-contrib-coffee":"~0.7.0","grunt-cli":"~0.1.8","grunt":"~0.4.1","grunt-shell":"~0.2.2","grunt-coffeelint":"0.0.6","rimraf":"~2.2.2"},"_id":"emissary@1.2.0","dist":{"shasum":"26b973f901c183a94cd12d0dbce211dbfeb55bcd","tarball":"http://registry.npmjs.org/emissary/-/emissary-1.2.0.tgz"},"_from":".","_npmVersion":"1.4.4","_npmUser":{"name":"kevinsawicki","email":"kevinsawicki@gmail.com"},"maintainers":[{"name":"nathansobo","email":"nathansobo@gmail.com"},{"name":"kevinsawicki","email":"kevinsawicki@gmail.com"}],"directories":{}},"1.2.1":{"name":"emissary","version":"1.2.1","description":"Utility mixins for subscribing to and emitting events.","main":"lib/emissary.js","scripts":{"test":"grunt test","prepublish":"grunt clean lint coffee"},"repository":{"type":"git","url":"http://github.com/atom/emissary.git"},"bugs":{"url":"https://github.com/atom/emissary/issues"},"homepage":"http://atom.github.io/emissary","keywords":["event-emitter","events","subscribe","subscriber"],"author":{"name":"Nathan Sobo"},"licenses":[{"type":"MIT","url":"http://github.com/atom/emissary/raw/master/LICENSE.md"}],"dependencies":{"underscore-plus":"1.x","mixto":"1.x","property-accessors":"^1.1","harmony-collections":"git+https://github.com/Benvie/harmony-collections.git#e81b4b808359e2def9eeeabfdee69c2989e1fe96"},"devDependencies":{"jasmine-focused":"1.x","grunt-contrib-coffee":"~0.7.0","grunt-cli":"~0.1.8","grunt":"~0.4.1","grunt-shell":"~0.2.2","grunt-coffeelint":"0.0.6","rimraf":"~2.2.2"},"_id":"emissary@1.2.1","dist":{"shasum":"a00fc2bbe75c93b27832ec01b85f8f886e707227","tarball":"http://registry.npmjs.org/emissary/-/emissary-1.2.1.tgz"},"_from":".","_npmVersion":"1.4.6","_npmUser":{"name":"nathansobo","email":"nathan@github.com"},"maintainers":[{"name":"nathansobo","email":"nathansobo@gmail.com"},{"name":"kevinsawicki","email":"kevinsawicki@gmail.com"}],"directories":{}},"1.2.2":{"name":"emissary","version":"1.2.2","description":"Utility mixins for subscribing to and emitting events.","main":"lib/emissary.js","scripts":{"test":"grunt test","prepublish":"grunt clean lint coffee"},"repository":{"type":"git","url":"http://github.com/atom/emissary.git"},"bugs":{"url":"https://github.com/atom/emissary/issues"},"homepage":"http://atom.github.io/emissary","keywords":["event-emitter","events","subscribe","subscriber"],"author":{"name":"Nathan Sobo"},"licenses":[{"type":"MIT","url":"http://github.com/atom/emissary/raw/master/LICENSE.md"}],"dependencies":{"underscore-plus":"1.x","mixto":"1.x","property-accessors":"^1.1","harmony-collections":"git+https://github.com/Benvie/harmony-collections.git#e81b4b808359e2def9eeeabfdee69c2989e1fe96"},"devDependencies":{"jasmine-focused":"1.x","grunt-contrib-coffee":"~0.7.0","grunt-cli":"~0.1.8","grunt":"~0.4.1","grunt-shell":"~0.2.2","grunt-coffeelint":"0.0.6","rimraf":"~2.2.2"},"_id":"emissary@1.2.2","dist":{"shasum":"3c4c057ca7fd09d6434ed6decd0328bae2d7b7db","tarball":"http://registry.npmjs.org/emissary/-/emissary-1.2.2.tgz"},"_from":".","_npmVersion":"1.4.6","_npmUser":{"name":"nathansobo","email":"nathan@github.com"},"maintainers":[{"name":"nathansobo","email":"nathansobo@gmail.com"},{"name":"kevinsawicki","email":"kevinsawicki@gmail.com"}],"directories":{}},"1.3.0":{"name":"emissary","version":"1.3.0","description":"Utility mixins for subscribing to and emitting events.","main":"lib/emissary.js","scripts":{"test":"grunt test","prepublish":"grunt clean lint coffee"},"repository":{"type":"git","url":"http://github.com/atom/emissary.git"},"bugs":{"url":"https://github.com/atom/emissary/issues"},"homepage":"http://atom.github.io/emissary","keywords":["event-emitter","events","subscribe","subscriber"],"author":{"name":"Nathan Sobo"},"licenses":[{"type":"MIT","url":"http://github.com/atom/emissary/raw/master/LICENSE.md"}],"dependencies":{"underscore-plus":"1.x","mixto":"1.x","property-accessors":"^1.1","harmony-collections":"git+https://github.com/Benvie/harmony-collections.git#e81b4b808359e2def9eeeabfdee69c2989e1fe96"},"devDependencies":{"jasmine-focused":"1.x","grunt-contrib-coffee":"~0.7.0","grunt-cli":"~0.1.8","grunt":"~0.4.1","grunt-shell":"~0.2.2","grunt-coffeelint":"0.0.6","rimraf":"~2.2.2"},"gitHead":"81d5c308e100a7d9356b723da72b9a8719f1590e","_id":"emissary@1.3.0","_shasum":"db80ee7ffad2cc4d26326759be0ec6a473debe4f","_from":".","_npmVersion":"1.4.23","_npmUser":{"name":"nathansobo","email":"nathan@github.com"},"maintainers":[{"name":"nathansobo","email":"nathansobo@gmail.com"},{"name":"kevinsawicki","email":"kevinsawicki@gmail.com"},{"name":"benogle","email":"ogle.ben@gmail.com"}],"dist":{"shasum":"db80ee7ffad2cc4d26326759be0ec6a473debe4f","tarball":"http://registry.npmjs.org/emissary/-/emissary-1.3.0.tgz"},"directories":{}},"1.3.1":{"name":"emissary","version":"1.3.1","description":"Utility mixins for subscribing to and emitting events.","main":"lib/emissary.js","scripts":{"test":"grunt test","prepublish":"grunt clean lint coffee"},"repository":{"type":"git","url":"http://github.com/atom/emissary.git"},"bugs":{"url":"https://github.com/atom/emissary/issues"},"homepage":"http://atom.github.io/emissary","keywords":["event-emitter","events","subscribe","subscriber"],"author":{"name":"Nathan Sobo"},"licenses":[{"type":"MIT","url":"http://github.com/atom/emissary/raw/master/LICENSE.md"}],"dependencies":{"underscore-plus":"1.x","mixto":"1.x","property-accessors":"^1.1","harmony-collections":"git+https://github.com/Benvie/harmony-collections.git#e81b4b808359e2def9eeeabfdee69c2989e1fe96"},"devDependencies":{"jasmine-focused":"1.x","grunt-contrib-coffee":"~0.7.0","grunt-cli":"~0.1.8","grunt":"~0.4.1","grunt-shell":"~0.2.2","grunt-coffeelint":"0.0.6","rimraf":"~2.2.2"},"gitHead":"708a91a85bdec2f21757e6c06ef2fbb9d15477cc","_id":"emissary@1.3.1","_shasum":"8de1cf811462a5974ec5dce39e6e4cbc7412f06f","_from":".","_npmVersion":"1.4.23","_npmUser":{"name":"nathansobo","email":"nathan@github.com"},"maintainers":[{"name":"nathansobo","email":"nathansobo@gmail.com"},{"name":"kevinsawicki","email":"kevinsawicki@gmail.com"},{"name":"benogle","email":"ogle.ben@gmail.com"}],"dist":{"shasum":"8de1cf811462a5974ec5dce39e6e4cbc7412f06f","tarball":"http://registry.npmjs.org/emissary/-/emissary-1.3.1.tgz"},"directories":{}},"1.3.2":{"name":"emissary","version":"1.3.2","description":"Utility mixins for subscribing to and emitting events.","main":"lib/emissary.js","scripts":{"test":"grunt test","prepublish":"grunt clean lint coffee"},"repository":{"type":"git","url":"http://github.com/atom/emissary.git"},"bugs":{"url":"https://github.com/atom/emissary/issues"},"homepage":"http://atom.github.io/emissary","keywords":["event-emitter","events","subscribe","subscriber"],"author":{"name":"Nathan Sobo"},"licenses":[{"type":"MIT","url":"http://github.com/atom/emissary/raw/master/LICENSE.md"}],"dependencies":{"underscore-plus":"1.x","mixto":"1.x","property-accessors":"^1.1","es6-weak-map":"^0.1.2"},"devDependencies":{"jasmine-focused":"1.x","grunt-contrib-coffee":"~0.7.0","grunt-cli":"~0.1.8","grunt":"~0.4.1","grunt-shell":"~0.2.2","grunt-coffeelint":"0.0.6","rimraf":"~2.2.2"},"gitHead":"83df4e56a3b35a5d2108fe8274fd9ab440f6131d","_id":"emissary@1.3.2","_shasum":"96c362f064f340f318110b3cfa9bf6885c95fa24","_from":".","_npmVersion":"1.4.28","_npmUser":{"name":"nathansobo","email":"nathan@github.com"},"maintainers":[{"name":"nathansobo","email":"nathansobo@gmail.com"},{"name":"kevinsawicki","email":"kevinsawicki@gmail.com"},{"name":"benogle","email":"ogle.ben@gmail.com"}],"dist":{"shasum":"96c362f064f340f318110b3cfa9bf6885c95fa24","tarball":"http://registry.npmjs.org/emissary/-/emissary-1.3.2.tgz"},"directories":{}},"1.3.3":{"name":"emissary","version":"1.3.3","description":"Utility mixins for subscribing to and emitting events.","main":"lib/emissary.js","scripts":{"test":"grunt test","prepublish":"grunt clean lint coffee"},"repository":{"type":"git","url":"http://github.com/atom/emissary.git"},"bugs":{"url":"https://github.com/atom/emissary/issues"},"homepage":"http://atom.github.io/emissary","keywords":["event-emitter","events","subscribe","subscriber"],"author":{"name":"Nathan Sobo"},"licenses":[{"type":"MIT","url":"http://github.com/atom/emissary/raw/master/LICENSE.md"}],"dependencies":{"underscore-plus":"1.x","mixto":"1.x","property-accessors":"^1.1","es6-weak-map":"^0.1.2"},"devDependencies":{"jasmine-focused":"1.x","grunt-contrib-coffee":"~0.7.0","grunt-cli":"~0.1.8","grunt":"~0.4.1","grunt-shell":"~0.2.2","grunt-coffeelint":"0.0.6","rimraf":"~2.2.2"},"gitHead":"13170d3e1f8b1cd4396d6dceb3c3bccf0887dae2","_id":"emissary@1.3.3","_shasum":"a618d92d682b232d31111dc3625a5df661799606","_from":".","_npmVersion":"1.4.28","_npmUser":{"name":"kevinsawicki","email":"kevinsawicki@gmail.com"},"maintainers":[{"name":"nathansobo","email":"nathansobo@gmail.com"},{"name":"kevinsawicki","email":"kevinsawicki@gmail.com"},{"name":"benogle","email":"ogle.ben@gmail.com"}],"dist":{"shasum":"a618d92d682b232d31111dc3625a5df661799606","tarball":"http://registry.npmjs.org/emissary/-/emissary-1.3.3.tgz"},"directories":{}}},"readme":"# Emissary – Mixins for Events [![Build Status](https://travis-ci.org/atom/emissary.svg?branch=master)](https://travis-ci.org/atom/emissary)\n\n**Achtung!** This library is currently used in Atom and various Atom dependencies, but our long-term plan is to transition away from it in favor of the simpler [event-kit](https://github.com/atom/event-kit) library. Don't depend on supporting this library forever.\n\n**Achtung Again!** The Subscriber mixin requires ES6 Harmony WeakMaps. To enable them, run your program with the  `node --harmony_collections` flag. If you're using it in a node framework such as jasmine, run its script with the flag enabled as follows: `node --harmony-collections .bin/jasmine-node specs`.\n\n## Emitter\n\nEmitter is backward-compatible with Node's event emitter, but offers more functionality. You can construct standalone `Emitter` instances or use it as a mixin.\n\n* `Emitter.extend(object)`\n  Turns the given object into an emitter by adding the appropriate methods.\n\n* `Emitter.includeInto(class)`\n  Turns the class into an emitter by extending its prototype.\n\n* `::on(eventNames, handler)`\n  Subscribe to one or more events. Events names are separated by spaces, and can optionally be namespaced with a dot-suffix. E.g. `event1 event2.namespace`.\n\n* `::once(eventName, handler)`\n  Like `::on`, but only fires the handler once before unsubscribing automatically.\n\n* `::off(eventNames[, handler])`\n  Unsubscribe to one or more events. Event names are separated by spaces. Passing a non-namespaced event name unsubscribes from every namespace for that event. Passing only a namespace unsubscribes from that entire namespace. Passing a handler removes only a subscription corresponding to the given event name(s) and that handler.\n\n* `::emit(eventName[, data...])`\n  Emit an event with the given name. If the event name is namespaced, only calls handlers for the event associated with the namespace, otherwise it fires all handlers. Handlers are called with zero or more data arguments provided after the event name.\n\n* `::pauseEvents()`\n  Buffers events instead of emitting them until `::resumeEvents` is called.\n\n* `::resumeEvents()`\n  Emits all events buffered since pausing and resumes normal emitting behavior.\n\n* `::getSubscriptionCount()`\n  Get the total number of handlers registered on the emitter.\n\n## Subscriber\n\nSubscriber works in partnership with an emitter or any object supporting subscription cancellation with `.off`. This includes standard Node event emitters and jQuery objects.\n\n* `::subscribe(object, eventNames, handler)`\n  Subscribe to the given event name(s) on the given object.\n\n* `::subscribeWith(object, methodName, eventNames, handler)`\n  Subscribe to the given object with a method other than `.on`.\n\n* `::unsubscribe([object])`\n  Cancel subscriptions previously registered with `::subscribe`. If an object is given, only unsubscribe from that object. If called without an object, unsubscribe from everything.\n","maintainers":[{"name":"nathansobo","email":"nathansobo@gmail.com"},{"name":"kevinsawicki","email":"kevinsawicki@gmail.com"},{"name":"benogle","email":"ogle.ben@gmail.com"}],"time":{"modified":"2015-02-13T17:26:02.834Z","created":"2013-09-18T13:17:37.326Z","0.1.0":"2013-09-18T13:17:38.073Z","0.1.1":"2013-09-18T13:38:58.533Z","0.2.0":"2013-09-28T02:24:03.732Z","0.3.0":"2013-09-29T02:29:51.927Z","0.4.0":"2013-09-29T02:49:58.413Z","0.5.0":"2013-10-09T16:05:55.027Z","0.6.0":"2013-10-14T22:22:17.852Z","0.7.0":"2013-10-29T20:21:44.805Z","0.8.0":"2013-10-29T21:49:26.764Z","0.9.0":"2013-10-30T00:56:10.356Z","0.10.0":"2013-11-08T01:21:33.597Z","0.11.0":"2013-11-08T01:46:05.428Z","0.12.0":"2013-11-08T03:20:42.614Z","0.13.0":"2013-11-12T01:12:30.693Z","0.14.0":"2013-11-12T04:58:54.724Z","0.15.0":"2013-11-12T18:47:39.403Z","0.16.0":"2013-11-12T22:16:45.924Z","0.17.0":"2013-11-14T20:04:53.963Z","0.18.0":"2013-11-18T18:18:39.064Z","0.19.0":"2013-11-19T20:52:24.520Z","0.20.0":"2013-11-20T18:53:39.729Z","0.21.0":"2013-11-25T21:04:20.702Z","0.22.0":"2013-11-26T19:04:10.254Z","0.24.0":"2013-11-28T18:09:29.960Z","0.25.0":"2013-12-02T04:56:13.486Z","0.26.0":"2013-12-02T20:19:54.072Z","0.27.0":"2013-12-03T21:20:08.694Z","0.28.0":"2013-12-07T05:19:50.073Z","0.29.0":"2014-01-09T19:17:15.432Z","0.30.0":"2014-01-10T01:52:27.102Z","0.31.0":"2014-01-11T18:14:16.574Z","1.0.0":"2014-01-16T23:57:13.801Z","1.1.0":"2014-03-14T02:03:03.440Z","1.2.0":"2014-03-18T16:57:43.108Z","1.2.1":"2014-04-03T15:17:55.751Z","1.2.2":"2014-07-31T04:43:09.347Z","1.3.0":"2014-08-27T21:34:29.163Z","1.3.1":"2014-09-03T20:10:37.769Z","1.3.2":"2015-02-11T16:34:05.806Z","1.3.3":"2015-02-13T17:26:02.834Z"},"author":{"name":"Nathan Sobo"},"repository":{"type":"git","url":"http://github.com/atom/emissary.git"},"homepage":"http://atom.github.io/emissary","keywords":["event-emitter","events","subscribe","subscriber"],"bugs":{"url":"https://github.com/atom/emissary/issues"},"readmeFilename":"README.md","_attachments":{},"_etag":"\"69VZDMIYNOBRCJYG1B7R3WCAB\""}