{"digest":"34957186fc00caff0376955ced7a4df5a55eaf58","css":".select-list .loading .loading-message::before {\n  font-family: 'Octicons Regular';\n  font-weight: normal;\n  font-style: normal;\n  display: inline-block;\n  line-height: 1;\n  -webkit-font-smoothing: antialiased;\n  text-decoration: none;\n  font-size: 16px;\n  width: 16px;\n  height: 16px;\n  content: \"\\f09e\";\n}\n.select-list .loading .loading-message:before {\n  font-size: 1.1em;\n  width: 1.1em;\n  height: 1.1em;\n  margin-right: 5px;\n}\n.select-list .loading .badge {\n  margin-left: 10px;\n}\n.select-list ol.list-group {\n  position: relative;\n  overflow-y: auto;\n  max-height: 312px;\n  margin: 10px 0 0 0;\n  padding: 0;\n}\n.select-list ol.list-group li {\n  display: block;\n}\n.select-list ol.list-group li .primary-line,\n.select-list ol.list-group li .secondary-line {\n  text-overflow: ellipsis;\n  white-space: nowrap;\n  overflow: hidden;\n}\n","imports":[{"path":"node_modules/atom-dark-ui/styles/ui-variables.less","digest":"16ff91226d75eee2b1f50109fe01fd7b9aa586c9"},{"path":"static/variables/octicon-mixins.less","digest":"2030bff1fd92667bfd07922be221c344c90e072e"},{"path":"static/variables/octicon-utf-codes.less","digest":"698d6301324f239f0a1a144a805cdc3706c68876"},{"path":"static/variables/octicon-utf-codes.less","digest":"698d6301324f239f0a1a144a805cdc3706c68876"}],"version":1}