{"_id":"underscore-plus","_rev":"116-3e3cc5b860e91bf8ba4ae6caa97be39e","name":"underscore-plus","description":"Underscore plus additional utilities","dist-tags":{"latest":"1.6.6"},"versions":{"0.1.0":{"name":"underscore-plus","version":"0.1.0","description":"Underscore plus additional utilities","licenses":[{"type":"MIT","url":"http://github.com/atom/underscore-plus/raw/master/LICENSE.md"}],"main":"./lib/underscore-plus.js","scripts":{"prepublish":"grunt clean coffee lint","test":"grunt test"},"repository":{"type":"git","url":"https://github.com/atom/underscore-plus.git"},"bugs":{"url":"https://github.com/atom/underscore-plus/issues"},"homepage":"http://atom.github.io/underscore-plus","keywords":["underscore"],"dependencies":{"underscore":"~1.5.2","tantamount":"~0.5.0"},"devDependencies":{"jasmine-focused":"~0.15.0","grunt-contrib-coffee":"~0.7.0","grunt-cli":"~0.1.8","grunt":"~0.4.1","grunt-shell":"~0.2.2","grunt-coffeelint":"0.0.6","temp":"~0.5.0","rimraf":"~2.1.4"},"_id":"underscore-plus@0.1.0","dist":{"shasum":"0f9783e58e9fea62e9ad2c0f79f651af7e962189","tarball":"http://registry.npmjs.org/underscore-plus/-/underscore-plus-0.1.0.tgz"},"_from":".","_npmVersion":"1.3.9","_npmUser":{"name":"kevinsawicki","email":"kevinsawicki@gmail.com"},"maintainers":[{"name":"kevinsawicki","email":"kevinsawicki@gmail.com"}],"directories":{}},"0.2.0":{"name":"underscore-plus","version":"0.2.0","description":"Underscore plus additional utilities","licenses":[{"type":"MIT","url":"http://github.com/atom/underscore-plus/raw/master/LICENSE.md"}],"main":"./lib/underscore-plus.js","scripts":{"prepublish":"grunt clean coffee lint","test":"grunt test"},"repository":{"type":"git","url":"https://github.com/atom/underscore-plus.git"},"bugs":{"url":"https://github.com/atom/underscore-plus/issues"},"homepage":"http://atom.github.io/underscore-plus","keywords":["underscore"],"dependencies":{"underscore":"~1.5.2","tantamount":"~0.6.0"},"devDependencies":{"jasmine-focused":"~0.15.0","grunt-contrib-coffee":"~0.7.0","grunt-cli":"~0.1.8","grunt":"~0.4.1","grunt-shell":"~0.2.2","grunt-coffeelint":"0.0.6","temp":"~0.5.0","rimraf":"~2.1.4"},"_id":"underscore-plus@0.2.0","dist":{"shasum":"e3cd64d74ba94171ccdf90e11e27d685133c675e","tarball":"http://registry.npmjs.org/underscore-plus/-/underscore-plus-0.2.0.tgz"},"_from":".","_npmVersion":"1.3.9","_npmUser":{"name":"kevinsawicki","email":"kevinsawicki@gmail.com"},"maintainers":[{"name":"kevinsawicki","email":"kevinsawicki@gmail.com"}],"directories":{}},"0.3.0":{"name":"underscore-plus","version":"0.3.0","description":"Underscore plus additional utilities","licenses":[{"type":"MIT","url":"http://github.com/atom/underscore-plus/raw/master/LICENSE.md"}],"main":"./lib/underscore-plus.js","scripts":{"prepublish":"grunt clean coffee lint","test":"grunt test"},"repository":{"type":"git","url":"https://github.com/atom/underscore-plus.git"},"bugs":{"url":"https://github.com/atom/underscore-plus/issues"},"homepage":"http://atom.github.io/underscore-plus","keywords":["underscore"],"dependencies":{"underscore":"~1.5.2","tantamount":"~0.6.0"},"devDependencies":{"jasmine-focused":"~0.15.0","grunt-contrib-coffee":"~0.7.0","grunt-cli":"~0.1.8","grunt":"~0.4.1","grunt-shell":"~0.2.2","grunt-coffeelint":"0.0.6","temp":"~0.5.0","rimraf":"~2.1.4"},"_id":"underscore-plus@0.3.0","dist":{"shasum":"9e1d7f17d0e9181e1117f0b486dd154f95f166d0","tarball":"http://registry.npmjs.org/underscore-plus/-/underscore-plus-0.3.0.tgz"},"_from":".","_npmVersion":"1.3.2","_npmUser":{"name":"kevinsawicki","email":"kevinsawicki@gmail.com"},"maintainers":[{"name":"kevinsawicki","email":"kevinsawicki@gmail.com"},{"name":"mcolyer","email":"matt@colyer.name"}],"directories":{}},"0.4.1":{"name":"underscore-plus","version":"0.4.1","description":"Underscore plus additional utilities","licenses":[{"type":"MIT","url":"http://github.com/atom/underscore-plus/raw/master/LICENSE.md"}],"main":"./lib/underscore-plus.js","scripts":{"prepublish":"grunt clean coffee lint","test":"grunt test"},"repository":{"type":"git","url":"https://github.com/atom/underscore-plus.git"},"bugs":{"url":"https://github.com/atom/underscore-plus/issues"},"homepage":"http://atom.github.io/underscore-plus","keywords":["underscore"],"dependencies":{"underscore":"~1.5.2","tantamount":"~0.6.0"},"devDependencies":{"jasmine-focused":"~0.15.0","grunt-contrib-coffee":"~0.7.0","grunt-cli":"~0.1.8","grunt":"~0.4.1","grunt-shell":"~0.2.2","grunt-coffeelint":"0.0.6","temp":"~0.5.0","rimraf":"~2.1.4"},"_id":"underscore-plus@0.4.1","dist":{"shasum":"0963b4069efbfa603a5f39e52300876e05014e08","tarball":"http://registry.npmjs.org/underscore-plus/-/underscore-plus-0.4.1.tgz"},"_from":".","_npmVersion":"1.3.11","_npmUser":{"name":"benogle","email":"ogle.ben@gmail.com"},"maintainers":[{"name":"kevinsawicki","email":"kevinsawicki@gmail.com"},{"name":"mcolyer","email":"matt@colyer.name"},{"name":"benogle","email":"ogle.ben@gmail.com"}],"directories":{}},"0.4.0":{"name":"underscore-plus","version":"0.4.0","description":"Underscore plus additional utilities","licenses":[{"type":"MIT","url":"http://github.com/atom/underscore-plus/raw/master/LICENSE.md"}],"main":"./lib/underscore-plus.js","scripts":{"prepublish":"grunt clean coffee lint","test":"grunt test"},"repository":{"type":"git","url":"https://github.com/atom/underscore-plus.git"},"bugs":{"url":"https://github.com/atom/underscore-plus/issues"},"homepage":"http://atom.github.io/underscore-plus","keywords":["underscore"],"dependencies":{"underscore":"~1.5.2","tantamount":"~0.6.0"},"devDependencies":{"jasmine-focused":"~0.15.0","grunt-contrib-coffee":"~0.7.0","grunt-cli":"~0.1.8","grunt":"~0.4.1","grunt-shell":"~0.2.2","grunt-coffeelint":"0.0.6","temp":"~0.5.0","rimraf":"~2.1.4"},"_id":"underscore-plus@0.4.0","dist":{"shasum":"2bb05ff44962ff423ea6214f5dc183fc52d74cd0","tarball":"http://registry.npmjs.org/underscore-plus/-/underscore-plus-0.4.0.tgz"},"_from":".","_npmVersion":"1.3.11","_npmUser":{"name":"benogle","email":"ogle.ben@gmail.com"},"maintainers":[{"name":"kevinsawicki","email":"kevinsawicki@gmail.com"},{"name":"mcolyer","email":"matt@colyer.name"},{"name":"benogle","email":"ogle.ben@gmail.com"}],"directories":{}},"0.5.0":{"name":"underscore-plus","version":"0.5.0","description":"Underscore plus additional utilities","licenses":[{"type":"MIT","url":"http://github.com/atom/underscore-plus/raw/master/LICENSE.md"}],"main":"./lib/underscore-plus.js","scripts":{"prepublish":"grunt clean coffee lint","test":"grunt test"},"repository":{"type":"git","url":"https://github.com/atom/underscore-plus.git"},"bugs":{"url":"https://github.com/atom/underscore-plus/issues"},"homepage":"http://atom.github.io/underscore-plus","keywords":["underscore"],"dependencies":{"underscore":"~1.5.2","tantamount":"~0.6.0"},"devDependencies":{"jasmine-focused":"~0.15.0","grunt-contrib-coffee":"~0.7.0","grunt-cli":"~0.1.8","grunt":"~0.4.1","grunt-shell":"~0.2.2","grunt-coffeelint":"0.0.6","temp":"~0.5.0","rimraf":"~2.1.4"},"_id":"underscore-plus@0.5.0","dist":{"shasum":"c881c9ae6d39c8b29b3c62a5b84650aa79125a1f","tarball":"http://registry.npmjs.org/underscore-plus/-/underscore-plus-0.5.0.tgz"},"_from":".","_npmVersion":"1.3.11","_npmUser":{"name":"benogle","email":"ogle.ben@gmail.com"},"maintainers":[{"name":"kevinsawicki","email":"kevinsawicki@gmail.com"},{"name":"mcolyer","email":"matt@colyer.name"},{"name":"benogle","email":"ogle.ben@gmail.com"}],"directories":{}},"0.6.0":{"name":"underscore-plus","version":"0.6.0","description":"Underscore plus additional utilities","licenses":[{"type":"MIT","url":"http://github.com/atom/underscore-plus/raw/master/LICENSE.md"}],"main":"./lib/underscore-plus.js","scripts":{"prepublish":"grunt clean coffee lint","test":"grunt test"},"repository":{"type":"git","url":"https://github.com/atom/underscore-plus.git"},"bugs":{"url":"https://github.com/atom/underscore-plus/issues"},"homepage":"http://atom.github.io/underscore-plus","keywords":["underscore"],"dependencies":{"underscore":"~1.5.2","tantamount":"~0.6.0"},"devDependencies":{"jasmine-focused":"~0.15.0","grunt-contrib-coffee":"~0.7.0","grunt-cli":"~0.1.8","grunt":"~0.4.1","grunt-shell":"~0.2.2","grunt-coffeelint":"0.0.6","temp":"~0.5.0","rimraf":"~2.1.4"},"_id":"underscore-plus@0.6.0","dist":{"shasum":"240724a31c28ab5d9ce8d27f688d956d003abde3","tarball":"http://registry.npmjs.org/underscore-plus/-/underscore-plus-0.6.0.tgz"},"_from":".","_npmVersion":"1.3.11","_npmUser":{"name":"mcolyer","email":"matt@colyer.name"},"maintainers":[{"name":"kevinsawicki","email":"kevinsawicki@gmail.com"},{"name":"mcolyer","email":"matt@colyer.name"},{"name":"benogle","email":"ogle.ben@gmail.com"}],"directories":{}},"0.6.1":{"name":"underscore-plus","version":"0.6.1","description":"Underscore plus additional utilities","licenses":[{"type":"MIT","url":"http://github.com/atom/underscore-plus/raw/master/LICENSE.md"}],"main":"./lib/underscore-plus.js","scripts":{"prepublish":"grunt clean coffee lint","test":"grunt test"},"repository":{"type":"git","url":"https://github.com/atom/underscore-plus.git"},"bugs":{"url":"https://github.com/atom/underscore-plus/issues"},"homepage":"http://atom.github.io/underscore-plus","keywords":["underscore"],"dependencies":{"underscore":"~1.5.2","tantamount":"~0.6.0"},"devDependencies":{"jasmine-focused":"~0.15.0","grunt-contrib-coffee":"~0.7.0","grunt-cli":"~0.1.8","grunt":"~0.4.1","grunt-shell":"~0.2.2","grunt-coffeelint":"0.0.6","temp":"~0.5.0","rimraf":"~2.1.4"},"_id":"underscore-plus@0.6.1","dist":{"shasum":"0dbdf69c1a59992b80553678d26c488ab8c28cf7","tarball":"http://registry.npmjs.org/underscore-plus/-/underscore-plus-0.6.1.tgz"},"_from":".","_npmVersion":"1.3.11","_npmUser":{"name":"mcolyer","email":"matt@colyer.name"},"maintainers":[{"name":"kevinsawicki","email":"kevinsawicki@gmail.com"},{"name":"mcolyer","email":"matt@colyer.name"},{"name":"benogle","email":"ogle.ben@gmail.com"}],"directories":{}},"1.0.0":{"name":"underscore-plus","version":"1.0.0","description":"Underscore plus additional utilities","licenses":[{"type":"MIT","url":"http://github.com/atom/underscore-plus/raw/master/LICENSE.md"}],"main":"./lib/underscore-plus.js","scripts":{"prepublish":"grunt clean coffee lint","test":"grunt test"},"repository":{"type":"git","url":"https://github.com/atom/underscore-plus.git"},"bugs":{"url":"https://github.com/atom/underscore-plus/issues"},"homepage":"http://atom.github.io/underscore-plus","keywords":["underscore"],"dependencies":{"underscore":"~1.5.2"},"devDependencies":{"jasmine-focused":"~0.19.0","grunt-contrib-coffee":"~0.7.0","grunt-cli":"~0.1.8","grunt":"~0.4.1","grunt-shell":"~0.2.2","grunt-coffeelint":"0.0.6","temp":"~0.5.0","rimraf":"~2.1.4"},"_id":"underscore-plus@1.0.0","dist":{"shasum":"349463ca2b0032035a7ece4cc90662d5d5780b46","tarball":"http://registry.npmjs.org/underscore-plus/-/underscore-plus-1.0.0.tgz"},"_from":".","_npmVersion":"1.3.2","_npmUser":{"name":"kevinsawicki","email":"kevinsawicki@gmail.com"},"maintainers":[{"name":"kevinsawicki","email":"kevinsawicki@gmail.com"},{"name":"mcolyer","email":"matt@colyer.name"},{"name":"benogle","email":"ogle.ben@gmail.com"}],"directories":{}},"1.0.2":{"name":"underscore-plus","version":"1.0.2","description":"Underscore plus additional utilities","licenses":[{"type":"MIT","url":"http://github.com/atom/underscore-plus/raw/master/LICENSE.md"}],"main":"./lib/underscore-plus.js","scripts":{"prepublish":"grunt clean coffee lint","test":"grunt test"},"repository":{"type":"git","url":"https://github.com/atom/underscore-plus.git"},"bugs":{"url":"https://github.com/atom/underscore-plus/issues"},"homepage":"http://atom.github.io/underscore-plus","keywords":["underscore"],"dependencies":{"underscore":"~1.5.2"},"devDependencies":{"jasmine-focused":"1.x","grunt-contrib-coffee":"~0.9.0","grunt-cli":"~0.1.8","grunt":"~0.4.1","grunt-shell":"~0.2.2","grunt-coffeelint":"0.0.6","temp":"~0.5.0","rimraf":"~2.1.4"},"_id":"underscore-plus@1.0.2","dist":{"shasum":"2073375c387197b3d7988f9174945db00e0618e3","tarball":"http://registry.npmjs.org/underscore-plus/-/underscore-plus-1.0.2.tgz"},"_from":".","_npmVersion":"1.3.11","_npmUser":{"name":"kevinsawicki","email":"kevinsawicki@gmail.com"},"maintainers":[{"name":"kevinsawicki","email":"kevinsawicki@gmail.com"},{"name":"mcolyer","email":"matt@colyer.name"},{"name":"benogle","email":"ogle.ben@gmail.com"}],"directories":{}},"1.0.3":{"name":"underscore-plus","version":"1.0.3","description":"Underscore plus additional utilities","licenses":[{"type":"MIT","url":"http://github.com/atom/underscore-plus/raw/master/LICENSE.md"}],"main":"./lib/underscore-plus.js","scripts":{"prepublish":"grunt clean coffee lint","test":"grunt test"},"repository":{"type":"git","url":"https://github.com/atom/underscore-plus.git"},"bugs":{"url":"https://github.com/atom/underscore-plus/issues"},"homepage":"http://atom.github.io/underscore-plus","keywords":["underscore"],"dependencies":{"underscore":"~1.5.2"},"devDependencies":{"jasmine-focused":"1.x","grunt-contrib-coffee":"~0.9.0","grunt-cli":"~0.1.8","grunt":"~0.4.1","grunt-shell":"~0.2.2","grunt-coffeelint":"0.0.6","temp":"~0.5.0","rimraf":"~2.1.4"},"_id":"underscore-plus@1.0.3","dist":{"shasum":"d3129df4ee046eda578415708fc9aeae8a0b93b4","tarball":"http://registry.npmjs.org/underscore-plus/-/underscore-plus-1.0.3.tgz"},"_from":".","_npmVersion":"1.3.11","_npmUser":{"name":"benogle","email":"ogle.ben@gmail.com"},"maintainers":[{"name":"kevinsawicki","email":"kevinsawicki@gmail.com"},{"name":"mcolyer","email":"matt@colyer.name"},{"name":"benogle","email":"ogle.ben@gmail.com"}],"directories":{}},"1.0.4":{"name":"underscore-plus","version":"1.0.4","description":"Underscore plus additional utilities","licenses":[{"type":"MIT","url":"http://github.com/atom/underscore-plus/raw/master/LICENSE.md"}],"main":"./lib/underscore-plus.js","scripts":{"prepublish":"grunt clean coffee lint","test":"grunt test"},"repository":{"type":"git","url":"https://github.com/atom/underscore-plus.git"},"bugs":{"url":"https://github.com/atom/underscore-plus/issues"},"homepage":"http://atom.github.io/underscore-plus","keywords":["underscore"],"dependencies":{"underscore":"~1.5.2"},"devDependencies":{"jasmine-focused":"1.x","grunt-contrib-coffee":"~0.9.0","grunt-cli":"~0.1.8","grunt":"~0.4.1","grunt-shell":"~0.2.2","grunt-coffeelint":"0.0.6","temp":"~0.5.0","rimraf":"~2.1.4"},"_id":"underscore-plus@1.0.4","dist":{"shasum":"ce790d7ff8e932ba7aa1ae30f28ba15b8c7ba55c","tarball":"http://registry.npmjs.org/underscore-plus/-/underscore-plus-1.0.4.tgz"},"_from":".","_npmVersion":"1.3.11","_npmUser":{"name":"benogle","email":"ogle.ben@gmail.com"},"maintainers":[{"name":"kevinsawicki","email":"kevinsawicki@gmail.com"},{"name":"mcolyer","email":"matt@colyer.name"},{"name":"benogle","email":"ogle.ben@gmail.com"}],"directories":{}},"1.0.5":{"name":"underscore-plus","version":"1.0.5","description":"Underscore plus additional utilities","licenses":[{"type":"MIT","url":"http://github.com/atom/underscore-plus/raw/master/LICENSE.md"}],"main":"./lib/underscore-plus.js","scripts":{"prepublish":"grunt clean coffee lint","test":"grunt test"},"repository":{"type":"git","url":"https://github.com/atom/underscore-plus.git"},"bugs":{"url":"https://github.com/atom/underscore-plus/issues"},"homepage":"http://atom.github.io/underscore-plus","keywords":["underscore"],"dependencies":{"underscore":"~1.5.2"},"devDependencies":{"jasmine-focused":"1.x","grunt-contrib-coffee":"~0.9.0","grunt-cli":"~0.1.8","grunt":"~0.4.1","grunt-shell":"~0.2.2","grunt-coffeelint":"0.0.6","temp":"~0.5.0","rimraf":"~2.1.4"},"_id":"underscore-plus@1.0.5","dist":{"shasum":"f6b6cbabc6758114c4f2a5d15e8842ea49df186f","tarball":"http://registry.npmjs.org/underscore-plus/-/underscore-plus-1.0.5.tgz"},"_from":".","_npmVersion":"1.4.4","_npmUser":{"name":"nathansobo","email":"nathansobo@gmail.com"},"maintainers":[{"name":"kevinsawicki","email":"kevinsawicki@gmail.com"},{"name":"mcolyer","email":"matt@colyer.name"},{"name":"benogle","email":"ogle.ben@gmail.com"},{"name":"nathansobo","email":"nathansobo@gmail.com"}],"directories":{}},"1.0.6":{"name":"underscore-plus","version":"1.0.6","description":"Underscore plus additional utilities","licenses":[{"type":"MIT","url":"http://github.com/atom/underscore-plus/raw/master/LICENSE.md"}],"main":"./lib/underscore-plus.js","scripts":{"prepublish":"grunt clean coffee lint","test":"grunt test"},"repository":{"type":"git","url":"https://github.com/atom/underscore-plus.git"},"bugs":{"url":"https://github.com/atom/underscore-plus/issues"},"homepage":"http://atom.github.io/underscore-plus","keywords":["underscore"],"dependencies":{"underscore":"~1.5.2"},"devDependencies":{"jasmine-focused":"1.x","grunt-contrib-coffee":"~0.9.0","grunt-cli":"~0.1.8","grunt":"~0.4.1","grunt-shell":"~0.2.2","grunt-coffeelint":"0.0.6","temp":"~0.5.0","rimraf":"~2.1.4"},"_id":"underscore-plus@1.0.6","dist":{"shasum":"cfe4d1124bca14bef9d5e7bf84bd99cc2f657e1a","tarball":"http://registry.npmjs.org/underscore-plus/-/underscore-plus-1.0.6.tgz"},"_from":".","_npmVersion":"1.4.4","_npmUser":{"name":"kevinsawicki","email":"kevinsawicki@gmail.com"},"maintainers":[{"name":"kevinsawicki","email":"kevinsawicki@gmail.com"},{"name":"mcolyer","email":"matt@colyer.name"},{"name":"benogle","email":"ogle.ben@gmail.com"},{"name":"nathansobo","email":"nathansobo@gmail.com"}],"directories":{}},"1.1.0":{"name":"underscore-plus","version":"1.1.0","description":"Underscore plus additional utilities","licenses":[{"type":"MIT","url":"http://github.com/atom/underscore-plus/raw/master/LICENSE.md"}],"main":"./lib/underscore-plus.js","scripts":{"prepublish":"grunt clean coffee lint","test":"grunt test"},"repository":{"type":"git","url":"https://github.com/atom/underscore-plus.git"},"bugs":{"url":"https://github.com/atom/underscore-plus/issues"},"homepage":"http://atom.github.io/underscore-plus","keywords":["underscore"],"dependencies":{"underscore":"~1.5.2"},"devDependencies":{"jasmine-focused":"1.x","grunt-contrib-coffee":"~0.9.0","grunt-cli":"~0.1.8","grunt":"~0.4.1","grunt-shell":"~0.2.2","grunt-coffeelint":"0.0.6","temp":"~0.5.0","rimraf":"~2.1.4"},"_id":"underscore-plus@1.1.0","dist":{"shasum":"13324d69fb2e5605f9af9400b8b5cc8126bbc402","tarball":"http://registry.npmjs.org/underscore-plus/-/underscore-plus-1.1.0.tgz"},"_from":".","_npmVersion":"1.3.11","_npmUser":{"name":"nathansobo","email":"nathan@github.com"},"maintainers":[{"name":"kevinsawicki","email":"kevinsawicki@gmail.com"},{"name":"mcolyer","email":"matt@colyer.name"},{"name":"benogle","email":"ogle.ben@gmail.com"},{"name":"nathansobo","email":"nathansobo@gmail.com"}],"directories":{}},"1.1.1":{"name":"underscore-plus","version":"1.1.1","description":"Underscore plus additional utilities","licenses":[{"type":"MIT","url":"http://github.com/atom/underscore-plus/raw/master/LICENSE.md"}],"main":"./lib/underscore-plus.js","scripts":{"prepublish":"grunt clean coffee lint","test":"grunt test"},"repository":{"type":"git","url":"https://github.com/atom/underscore-plus.git"},"bugs":{"url":"https://github.com/atom/underscore-plus/issues"},"homepage":"http://atom.github.io/underscore-plus","keywords":["underscore"],"dependencies":{"underscore":"~1.5.2"},"devDependencies":{"jasmine-focused":"1.x","grunt-contrib-coffee":"~0.9.0","grunt-cli":"~0.1.8","grunt":"~0.4.1","grunt-shell":"~0.2.2","grunt-coffeelint":"0.0.6","temp":"~0.5.0","rimraf":"~2.1.4"},"_id":"underscore-plus@1.1.1","dist":{"shasum":"7661d5a7f548171d64046f40b5c76010eb522070","tarball":"http://registry.npmjs.org/underscore-plus/-/underscore-plus-1.1.1.tgz"},"_from":".","_npmVersion":"1.4.6","_npmUser":{"name":"nathansobo","email":"nathan@github.com"},"maintainers":[{"name":"kevinsawicki","email":"kevinsawicki@gmail.com"},{"name":"mcolyer","email":"matt@colyer.name"},{"name":"benogle","email":"ogle.ben@gmail.com"},{"name":"nathansobo","email":"nathansobo@gmail.com"}],"directories":{}},"1.1.2":{"name":"underscore-plus","version":"1.1.2","description":"Underscore plus additional utilities","licenses":[{"type":"MIT","url":"http://github.com/atom/underscore-plus/raw/master/LICENSE.md"}],"main":"./lib/underscore-plus.js","scripts":{"prepublish":"grunt clean coffee lint","test":"grunt test"},"repository":{"type":"git","url":"https://github.com/atom/underscore-plus.git"},"bugs":{"url":"https://github.com/atom/underscore-plus/issues"},"homepage":"http://atom.github.io/underscore-plus","keywords":["underscore"],"dependencies":{"underscore":"~1.5.2"},"devDependencies":{"jasmine-focused":"1.x","grunt-contrib-coffee":"~0.9.0","grunt-cli":"~0.1.8","grunt":"~0.4.1","grunt-shell":"~0.2.2","grunt-coffeelint":"0.0.6","temp":"~0.5.0","rimraf":"~2.1.4"},"_id":"underscore-plus@1.1.2","dist":{"shasum":"56a99c7a95cf654a53763007df7b495d96211508","tarball":"http://registry.npmjs.org/underscore-plus/-/underscore-plus-1.1.2.tgz"},"_from":".","_npmVersion":"1.4.4","_npmUser":{"name":"kevinsawicki","email":"kevinsawicki@gmail.com"},"maintainers":[{"name":"kevinsawicki","email":"kevinsawicki@gmail.com"},{"name":"mcolyer","email":"matt@colyer.name"},{"name":"benogle","email":"ogle.ben@gmail.com"},{"name":"nathansobo","email":"nathansobo@gmail.com"}],"directories":{}},"1.2.0":{"name":"underscore-plus","version":"1.2.0","description":"Underscore plus additional utilities","licenses":[{"type":"MIT","url":"http://github.com/atom/underscore-plus/raw/master/LICENSE.md"}],"main":"./lib/underscore-plus.js","scripts":{"prepublish":"grunt clean coffee lint","test":"grunt test"},"repository":{"type":"git","url":"https://github.com/atom/underscore-plus.git"},"bugs":{"url":"https://github.com/atom/underscore-plus/issues"},"homepage":"http://atom.github.io/underscore-plus","keywords":["underscore"],"dependencies":{"underscore":"~1.5.2"},"devDependencies":{"jasmine-focused":"1.x","grunt-contrib-coffee":"~0.9.0","grunt-cli":"~0.1.8","grunt":"~0.4.1","grunt-shell":"~0.2.2","grunt-coffeelint":"0.0.6","temp":"~0.5.0","rimraf":"~2.1.4"},"_id":"underscore-plus@1.2.0","dist":{"shasum":"3cbbe8a187bf05232e36406fd59b159e120b35ed","tarball":"http://registry.npmjs.org/underscore-plus/-/underscore-plus-1.2.0.tgz"},"_from":".","_npmVersion":"1.4.6","_npmUser":{"name":"nathansobo","email":"nathan@github.com"},"maintainers":[{"name":"kevinsawicki","email":"kevinsawicki@gmail.com"},{"name":"mcolyer","email":"matt@colyer.name"},{"name":"benogle","email":"ogle.ben@gmail.com"},{"name":"nathansobo","email":"nathansobo@gmail.com"}],"directories":{}},"1.2.1":{"name":"underscore-plus","version":"1.2.1","description":"Underscore plus additional utilities","licenses":[{"type":"MIT","url":"http://github.com/atom/underscore-plus/raw/master/LICENSE.md"}],"main":"./lib/underscore-plus.js","scripts":{"prepublish":"grunt clean coffee lint","test":"grunt test"},"repository":{"type":"git","url":"https://github.com/atom/underscore-plus.git"},"bugs":{"url":"https://github.com/atom/underscore-plus/issues"},"homepage":"http://atom.github.io/underscore-plus","keywords":["underscore"],"dependencies":{"underscore":"~1.5.2"},"devDependencies":{"jasmine-focused":"1.x","grunt-contrib-coffee":"~0.9.0","grunt-cli":"~0.1.8","grunt":"~0.4.1","grunt-shell":"~0.2.2","grunt-coffeelint":"0.0.6","temp":"~0.5.0","rimraf":"~2.1.4"},"_id":"underscore-plus@1.2.1","dist":{"shasum":"16635ffd536abfb4960ad02bd9298bbfce86ccfb","tarball":"http://registry.npmjs.org/underscore-plus/-/underscore-plus-1.2.1.tgz"},"_from":".","_npmVersion":"1.4.6","_npmUser":{"name":"nathansobo","email":"nathan@github.com"},"maintainers":[{"name":"kevinsawicki","email":"kevinsawicki@gmail.com"},{"name":"mcolyer","email":"matt@colyer.name"},{"name":"benogle","email":"ogle.ben@gmail.com"},{"name":"nathansobo","email":"nathansobo@gmail.com"}],"directories":{}},"1.2.2":{"name":"underscore-plus","version":"1.2.2","description":"Underscore plus additional utilities","licenses":[{"type":"MIT","url":"http://github.com/atom/underscore-plus/raw/master/LICENSE.md"}],"main":"./lib/underscore-plus.js","scripts":{"prepublish":"grunt clean coffee lint","test":"grunt test"},"repository":{"type":"git","url":"https://github.com/atom/underscore-plus.git"},"bugs":{"url":"https://github.com/atom/underscore-plus/issues"},"homepage":"http://atom.github.io/underscore-plus","keywords":["underscore"],"dependencies":{"underscore":"~1.5.2"},"devDependencies":{"jasmine-focused":"1.x","grunt-contrib-coffee":"~0.9.0","grunt-cli":"~0.1.8","grunt":"~0.4.1","grunt-shell":"~0.2.2","grunt-coffeelint":"0.0.6","temp":"~0.5.0","rimraf":"~2.1.4"},"_id":"underscore-plus@1.2.2","dist":{"shasum":"28c7b4d55760f49e5d6882d456fe66309b3f1330","tarball":"http://registry.npmjs.org/underscore-plus/-/underscore-plus-1.2.2.tgz"},"_from":".","_npmVersion":"1.4.6","_npmUser":{"name":"nathansobo","email":"nathan@github.com"},"maintainers":[{"name":"kevinsawicki","email":"kevinsawicki@gmail.com"},{"name":"mcolyer","email":"matt@colyer.name"},{"name":"benogle","email":"ogle.ben@gmail.com"},{"name":"nathansobo","email":"nathansobo@gmail.com"}],"directories":{}},"1.3.0":{"name":"underscore-plus","version":"1.3.0","description":"Underscore plus additional utilities","licenses":[{"type":"MIT","url":"http://github.com/atom/underscore-plus/raw/master/LICENSE.md"}],"main":"./lib/underscore-plus.js","scripts":{"prepublish":"grunt clean coffee lint","test":"grunt test"},"repository":{"type":"git","url":"https://github.com/atom/underscore-plus.git"},"bugs":{"url":"https://github.com/atom/underscore-plus/issues"},"homepage":"http://atom.github.io/underscore-plus","keywords":["underscore"],"dependencies":{"underscore":"~1.6.0"},"devDependencies":{"jasmine-focused":"1.x","grunt-contrib-coffee":"~0.9.0","grunt-cli":"~0.1.8","grunt":"~0.4.1","grunt-shell":"~0.2.2","grunt-coffeelint":"0.0.6","temp":"~0.5.0","rimraf":"~2.1.4"},"_id":"underscore-plus@1.3.0","dist":{"shasum":"a8f4c394cafdbf80dc24fade257e110a81a678d0","tarball":"http://registry.npmjs.org/underscore-plus/-/underscore-plus-1.3.0.tgz"},"_from":".","_npmVersion":"1.4.6","_npmUser":{"name":"nathansobo","email":"nathan@github.com"},"maintainers":[{"name":"kevinsawicki","email":"kevinsawicki@gmail.com"},{"name":"mcolyer","email":"matt@colyer.name"},{"name":"benogle","email":"ogle.ben@gmail.com"},{"name":"nathansobo","email":"nathansobo@gmail.com"}],"directories":{}},"1.4.0":{"name":"underscore-plus","version":"1.4.0","description":"Underscore plus additional utilities","licenses":[{"type":"MIT","url":"http://github.com/atom/underscore-plus/raw/master/LICENSE.md"}],"main":"./lib/underscore-plus.js","scripts":{"prepublish":"grunt clean coffee lint","test":"grunt test"},"repository":{"type":"git","url":"https://github.com/atom/underscore-plus.git"},"bugs":{"url":"https://github.com/atom/underscore-plus/issues"},"homepage":"http://atom.github.io/underscore-plus","keywords":["underscore"],"dependencies":{"underscore":"~1.6.0"},"devDependencies":{"jasmine-focused":"1.x","grunt-contrib-coffee":"~0.9.0","grunt-cli":"~0.1.8","grunt":"~0.4.1","grunt-shell":"~0.2.2","grunt-coffeelint":"0.0.6","temp":"~0.5.0","rimraf":"~2.1.4"},"_id":"underscore-plus@1.4.0","dist":{"shasum":"9a00f5b51cd923568983a5970016b37ecf1a2b35","tarball":"http://registry.npmjs.org/underscore-plus/-/underscore-plus-1.4.0.tgz"},"_from":".","_npmVersion":"1.4.4","_npmUser":{"name":"kevinsawicki","email":"kevinsawicki@gmail.com"},"maintainers":[{"name":"kevinsawicki","email":"kevinsawicki@gmail.com"},{"name":"mcolyer","email":"matt@colyer.name"},{"name":"benogle","email":"ogle.ben@gmail.com"},{"name":"nathansobo","email":"nathansobo@gmail.com"}],"directories":{}},"1.4.1":{"name":"underscore-plus","version":"1.4.1","description":"Underscore plus additional utilities","licenses":[{"type":"MIT","url":"http://github.com/atom/underscore-plus/raw/master/LICENSE.md"}],"main":"./lib/underscore-plus.js","scripts":{"prepublish":"grunt clean coffee lint","test":"grunt test"},"repository":{"type":"git","url":"https://github.com/atom/underscore-plus.git"},"bugs":{"url":"https://github.com/atom/underscore-plus/issues"},"homepage":"http://atom.github.io/underscore-plus","keywords":["underscore"],"dependencies":{"underscore":"~1.6.0"},"devDependencies":{"jasmine-focused":"1.x","grunt-contrib-coffee":"~0.9.0","grunt-cli":"~0.1.8","grunt":"~0.4.1","grunt-shell":"~0.2.2","grunt-coffeelint":"0.0.6","temp":"~0.5.0","rimraf":"~2.1.4"},"_id":"underscore-plus@1.4.1","dist":{"shasum":"058a6a7f8915952147302029aec36715e069a057","tarball":"http://registry.npmjs.org/underscore-plus/-/underscore-plus-1.4.1.tgz"},"_from":".","_npmVersion":"1.4.4","_npmUser":{"name":"kevinsawicki","email":"kevinsawicki@gmail.com"},"maintainers":[{"name":"kevinsawicki","email":"kevinsawicki@gmail.com"},{"name":"mcolyer","email":"matt@colyer.name"},{"name":"benogle","email":"ogle.ben@gmail.com"},{"name":"nathansobo","email":"nathansobo@gmail.com"}],"directories":{}},"1.5.0":{"name":"underscore-plus","version":"1.5.0","description":"Underscore plus additional utilities","licenses":[{"type":"MIT","url":"http://github.com/atom/underscore-plus/raw/master/LICENSE.md"}],"main":"./lib/underscore-plus.js","scripts":{"prepublish":"grunt clean coffee lint","test":"grunt test"},"repository":{"type":"git","url":"https://github.com/atom/underscore-plus.git"},"bugs":{"url":"https://github.com/atom/underscore-plus/issues"},"homepage":"http://atom.github.io/underscore-plus","keywords":["underscore"],"dependencies":{"underscore":"~1.6.0"},"devDependencies":{"jasmine-focused":"1.x","grunt-contrib-coffee":"~0.9.0","grunt-cli":"~0.1.8","grunt":"~0.4.1","grunt-shell":"~0.2.2","grunt-coffeelint":"0.0.6","temp":"~0.5.0","rimraf":"~2.1.4"},"_id":"underscore-plus@1.5.0","dist":{"shasum":"b7916f87f7f9ee809c768b486c12fccb3a2351e7","tarball":"http://registry.npmjs.org/underscore-plus/-/underscore-plus-1.5.0.tgz"},"_from":".","_npmVersion":"1.3.11","_npmUser":{"name":"benogle","email":"ogle.ben@gmail.com"},"maintainers":[{"name":"kevinsawicki","email":"kevinsawicki@gmail.com"},{"name":"mcolyer","email":"matt@colyer.name"},{"name":"benogle","email":"ogle.ben@gmail.com"},{"name":"nathansobo","email":"nathansobo@gmail.com"}],"directories":{}},"1.5.1":{"name":"underscore-plus","version":"1.5.1","description":"Underscore plus additional utilities","licenses":[{"type":"MIT","url":"http://github.com/atom/underscore-plus/raw/master/LICENSE.md"}],"main":"./lib/underscore-plus.js","scripts":{"prepublish":"grunt clean coffee lint","test":"grunt test"},"repository":{"type":"git","url":"https://github.com/atom/underscore-plus.git"},"bugs":{"url":"https://github.com/atom/underscore-plus/issues"},"homepage":"http://atom.github.io/underscore-plus","keywords":["underscore"],"dependencies":{"underscore":"~1.6.0"},"devDependencies":{"jasmine-focused":"1.x","grunt-contrib-coffee":"~0.9.0","grunt-cli":"~0.1.8","grunt":"~0.4.1","grunt-shell":"~0.2.2","grunt-coffeelint":"0.0.6","temp":"~0.5.0","rimraf":"~2.1.4"},"_id":"underscore-plus@1.5.1","dist":{"shasum":"f681c809e3534ec4e3c2d423e5f920c71a70d53c","tarball":"http://registry.npmjs.org/underscore-plus/-/underscore-plus-1.5.1.tgz"},"_from":".","_npmVersion":"1.4.4","_npmUser":{"name":"kevinsawicki","email":"kevinsawicki@gmail.com"},"maintainers":[{"name":"kevinsawicki","email":"kevinsawicki@gmail.com"},{"name":"mcolyer","email":"matt@colyer.name"},{"name":"benogle","email":"ogle.ben@gmail.com"},{"name":"nathansobo","email":"nathansobo@gmail.com"}],"directories":{}},"1.5.2":{"name":"underscore-plus","version":"1.5.2","description":"Underscore plus additional utilities","licenses":[{"type":"MIT","url":"http://github.com/atom/underscore-plus/raw/master/LICENSE.md"}],"main":"./lib/underscore-plus.js","scripts":{"prepublish":"grunt clean coffee lint","test":"grunt test"},"repository":{"type":"git","url":"https://github.com/atom/underscore-plus.git"},"bugs":{"url":"https://github.com/atom/underscore-plus/issues"},"homepage":"http://atom.github.io/underscore-plus","keywords":["underscore"],"dependencies":{"underscore":"~1.6.0"},"devDependencies":{"jasmine-focused":"1.x","grunt-contrib-coffee":"~0.9.0","grunt-cli":"~0.1.8","grunt":"~0.4.1","grunt-shell":"~0.2.2","grunt-coffeelint":"0.0.6","temp":"~0.5.0","rimraf":"~2.1.4"},"gitHead":"a4157b298a0df6072a309a04cac749934c80fc08","_id":"underscore-plus@1.5.2","_shasum":"bb584bd16b06322a008af8580d4ebc19a2593eff","_from":".","_npmVersion":"1.4.23","_npmUser":{"name":"benogle","email":"ogle.ben@gmail.com"},"maintainers":[{"name":"kevinsawicki","email":"kevinsawicki@gmail.com"},{"name":"mcolyer","email":"matt@colyer.name"},{"name":"benogle","email":"ogle.ben@gmail.com"},{"name":"nathansobo","email":"nathansobo@gmail.com"}],"dist":{"shasum":"bb584bd16b06322a008af8580d4ebc19a2593eff","tarball":"http://registry.npmjs.org/underscore-plus/-/underscore-plus-1.5.2.tgz"},"directories":{}},"1.6.0":{"name":"underscore-plus","version":"1.6.0","description":"Underscore plus additional utilities","licenses":[{"type":"MIT","url":"http://github.com/atom/underscore-plus/raw/master/LICENSE.md"}],"main":"./lib/underscore-plus.js","scripts":{"prepublish":"grunt clean coffee lint","test":"grunt test"},"repository":{"type":"git","url":"https://github.com/atom/underscore-plus.git"},"bugs":{"url":"https://github.com/atom/underscore-plus/issues"},"homepage":"http://atom.github.io/underscore-plus","keywords":["underscore"],"dependencies":{"underscore":"~1.6.0"},"devDependencies":{"jasmine-focused":"1.x","grunt-contrib-coffee":"~0.9.0","grunt-cli":"~0.1.8","grunt":"~0.4.1","grunt-shell":"~0.2.2","grunt-coffeelint":"0.0.6","temp":"~0.5.0","rimraf":"~2.1.4"},"gitHead":"00a92dcc948756c97f8ae50e9e6dc2ea710447c9","_id":"underscore-plus@1.6.0","_shasum":"0b891ac2ed563ddce8c3cf557df87389297b1d87","_from":".","_npmVersion":"1.4.23","_npmUser":{"name":"benogle","email":"ogle.ben@gmail.com"},"maintainers":[{"name":"kevinsawicki","email":"kevinsawicki@gmail.com"},{"name":"mcolyer","email":"matt@colyer.name"},{"name":"benogle","email":"ogle.ben@gmail.com"},{"name":"nathansobo","email":"nathansobo@gmail.com"}],"dist":{"shasum":"0b891ac2ed563ddce8c3cf557df87389297b1d87","tarball":"http://registry.npmjs.org/underscore-plus/-/underscore-plus-1.6.0.tgz"},"directories":{}},"1.6.1":{"name":"underscore-plus","version":"1.6.1","description":"Underscore plus additional utilities","licenses":[{"type":"MIT","url":"http://github.com/atom/underscore-plus/raw/master/LICENSE.md"}],"main":"./lib/underscore-plus.js","scripts":{"prepublish":"grunt clean coffee lint","test":"grunt test"},"repository":{"type":"git","url":"https://github.com/atom/underscore-plus.git"},"bugs":{"url":"https://github.com/atom/underscore-plus/issues"},"homepage":"http://atom.github.io/underscore-plus","keywords":["underscore"],"dependencies":{"underscore":"~1.6.0"},"devDependencies":{"jasmine-focused":"1.x","grunt-contrib-coffee":"~0.9.0","grunt-cli":"~0.1.8","grunt":"~0.4.1","grunt-shell":"~0.2.2","grunt-coffeelint":"0.0.6","temp":"~0.5.0","rimraf":"~2.1.4"},"gitHead":"1b9e451a60e8fff6d1fd451915e7da3338d38fc2","_id":"underscore-plus@1.6.1","_shasum":"945375c849685dbdf9261451e1a76d774370a066","_from":".","_npmVersion":"1.4.28","_npmUser":{"name":"kevinsawicki","email":"kevinsawicki@gmail.com"},"maintainers":[{"name":"kevinsawicki","email":"kevinsawicki@gmail.com"},{"name":"mcolyer","email":"matt@colyer.name"},{"name":"benogle","email":"ogle.ben@gmail.com"},{"name":"nathansobo","email":"nathansobo@gmail.com"}],"dist":{"shasum":"945375c849685dbdf9261451e1a76d774370a066","tarball":"http://registry.npmjs.org/underscore-plus/-/underscore-plus-1.6.1.tgz"},"directories":{}},"1.6.2":{"name":"underscore-plus","version":"1.6.2","description":"Underscore plus additional utilities","licenses":[{"type":"MIT","url":"http://github.com/atom/underscore-plus/raw/master/LICENSE.md"}],"main":"./lib/underscore-plus.js","scripts":{"prepublish":"grunt clean coffee lint","test":"grunt test"},"repository":{"type":"git","url":"https://github.com/atom/underscore-plus.git"},"bugs":{"url":"https://github.com/atom/underscore-plus/issues"},"homepage":"http://atom.github.io/underscore-plus","keywords":["underscore"],"dependencies":{"underscore":"~1.6.0"},"devDependencies":{"jasmine-focused":"1.x","grunt-contrib-coffee":"~0.9.0","grunt-cli":"~0.1.8","grunt":"~0.4.1","grunt-shell":"~0.2.2","grunt-coffeelint":"0.0.6","temp":"~0.5.0","rimraf":"~2.1.4"},"gitHead":"b8b317ccde577aa629ba458b96d6675ed65a4ac5","_id":"underscore-plus@1.6.2","_shasum":"d4dcb69f342bdbda336a72b67ced20a8349039d6","_from":".","_npmVersion":"2.1.8","_nodeVersion":"0.10.33","_npmUser":{"name":"maxbrunsfeld","email":"maxbrunsfeld@gmail.com"},"maintainers":[{"name":"kevinsawicki","email":"kevinsawicki@gmail.com"},{"name":"mcolyer","email":"matt@colyer.name"},{"name":"benogle","email":"ogle.ben@gmail.com"},{"name":"nathansobo","email":"nathansobo@gmail.com"},{"name":"maxbrunsfeld","email":"maxbrunsfeld@gmail.com"}],"dist":{"shasum":"d4dcb69f342bdbda336a72b67ced20a8349039d6","tarball":"http://registry.npmjs.org/underscore-plus/-/underscore-plus-1.6.2.tgz"},"directories":{}},"1.6.3":{"name":"underscore-plus","version":"1.6.3","description":"Underscore plus additional utilities","licenses":[{"type":"MIT","url":"http://github.com/atom/underscore-plus/raw/master/LICENSE.md"}],"main":"./lib/underscore-plus.js","scripts":{"prepublish":"grunt clean coffee lint","test":"grunt test"},"repository":{"type":"git","url":"https://github.com/atom/underscore-plus.git"},"bugs":{"url":"https://github.com/atom/underscore-plus/issues"},"homepage":"http://atom.github.io/underscore-plus","keywords":["underscore"],"dependencies":{"underscore":"~1.6.0"},"devDependencies":{"jasmine-focused":"1.x","grunt-contrib-coffee":"~0.9.0","grunt-cli":"~0.1.8","grunt":"~0.4.1","grunt-shell":"~0.2.2","grunt-coffeelint":"0.0.6","temp":"~0.5.0","rimraf":"~2.1.4"},"gitHead":"6c483603541c52e36eb297511b3cba58b0f86bb4","_id":"underscore-plus@1.6.3","_shasum":"055f01f3906f2fec1a5bd072a3881f94f1ea6927","_from":".","_npmVersion":"2.1.8","_nodeVersion":"0.10.33","_npmUser":{"name":"maxbrunsfeld","email":"maxbrunsfeld@gmail.com"},"maintainers":[{"name":"kevinsawicki","email":"kevinsawicki@gmail.com"},{"name":"mcolyer","email":"matt@colyer.name"},{"name":"benogle","email":"ogle.ben@gmail.com"},{"name":"nathansobo","email":"nathansobo@gmail.com"},{"name":"maxbrunsfeld","email":"maxbrunsfeld@gmail.com"}],"dist":{"shasum":"055f01f3906f2fec1a5bd072a3881f94f1ea6927","tarball":"http://registry.npmjs.org/underscore-plus/-/underscore-plus-1.6.3.tgz"},"directories":{}},"1.6.4":{"name":"underscore-plus","version":"1.6.4","description":"Underscore plus additional utilities","licenses":[{"type":"MIT","url":"http://github.com/atom/underscore-plus/raw/master/LICENSE.md"}],"main":"./lib/underscore-plus.js","scripts":{"prepublish":"grunt clean coffee lint","test":"grunt test"},"repository":{"type":"git","url":"https://github.com/atom/underscore-plus.git"},"bugs":{"url":"https://github.com/atom/underscore-plus/issues"},"homepage":"http://atom.github.io/underscore-plus","keywords":["underscore"],"dependencies":{"underscore":"~1.6.0"},"devDependencies":{"jasmine-focused":"1.x","grunt-contrib-coffee":"~0.9.0","grunt-cli":"~0.1.8","grunt":"~0.4.1","grunt-shell":"~0.2.2","grunt-coffeelint":"0.0.6","temp":"~0.5.0","rimraf":"~2.1.4"},"gitHead":"ee5da0ea38b92a51e4bdbef9dc240103c86749a4","_id":"underscore-plus@1.6.4","_shasum":"ebab8cccb57b2d5264230d11dc7d231aacba0d2c","_from":".","_npmVersion":"2.1.8","_nodeVersion":"0.10.33","_npmUser":{"name":"maxbrunsfeld","email":"maxbrunsfeld@gmail.com"},"maintainers":[{"name":"kevinsawicki","email":"kevinsawicki@gmail.com"},{"name":"mcolyer","email":"matt@colyer.name"},{"name":"benogle","email":"ogle.ben@gmail.com"},{"name":"nathansobo","email":"nathansobo@gmail.com"},{"name":"maxbrunsfeld","email":"maxbrunsfeld@gmail.com"}],"dist":{"shasum":"ebab8cccb57b2d5264230d11dc7d231aacba0d2c","tarball":"http://registry.npmjs.org/underscore-plus/-/underscore-plus-1.6.4.tgz"},"directories":{}},"1.6.5":{"name":"underscore-plus","version":"1.6.5","description":"Underscore plus additional utilities","licenses":[{"type":"MIT","url":"http://github.com/atom/underscore-plus/raw/master/LICENSE.md"}],"main":"./lib/underscore-plus.js","scripts":{"prepublish":"grunt clean coffee lint","test":"grunt test"},"repository":{"type":"git","url":"https://github.com/atom/underscore-plus.git"},"bugs":{"url":"https://github.com/atom/underscore-plus/issues"},"homepage":"http://atom.github.io/underscore-plus","keywords":["underscore"],"dependencies":{"underscore":"~1.6.0"},"devDependencies":{"jasmine-focused":"1.x","grunt-contrib-coffee":"~0.9.0","grunt-cli":"~0.1.8","grunt":"~0.4.1","grunt-shell":"~0.2.2","grunt-coffeelint":"0.0.6","temp":"~0.5.0","rimraf":"~2.1.4"},"gitHead":"ea40bebfab4b3a92ee26fb8b5ec57d1da27f8d90","_id":"underscore-plus@1.6.5","_shasum":"3ea25575fa7fc5987c87d44da67e1395eb575c50","_from":".","_npmVersion":"2.1.8","_nodeVersion":"0.10.33","_npmUser":{"name":"maxbrunsfeld","email":"maxbrunsfeld@gmail.com"},"maintainers":[{"name":"kevinsawicki","email":"kevinsawicki@gmail.com"},{"name":"mcolyer","email":"matt@colyer.name"},{"name":"benogle","email":"ogle.ben@gmail.com"},{"name":"nathansobo","email":"nathansobo@gmail.com"},{"name":"maxbrunsfeld","email":"maxbrunsfeld@gmail.com"}],"dist":{"shasum":"3ea25575fa7fc5987c87d44da67e1395eb575c50","tarball":"http://registry.npmjs.org/underscore-plus/-/underscore-plus-1.6.5.tgz"},"directories":{}},"1.6.6":{"name":"underscore-plus","version":"1.6.6","description":"Underscore plus additional utilities","licenses":[{"type":"MIT","url":"http://github.com/atom/underscore-plus/raw/master/LICENSE.md"}],"main":"./lib/underscore-plus.js","scripts":{"prepublish":"grunt clean coffee lint","test":"grunt test"},"repository":{"type":"git","url":"https://github.com/atom/underscore-plus.git"},"bugs":{"url":"https://github.com/atom/underscore-plus/issues"},"homepage":"http://atom.github.io/underscore-plus","keywords":["underscore"],"dependencies":{"underscore":"~1.6.0"},"devDependencies":{"jasmine-focused":"1.x","grunt-contrib-coffee":"~0.9.0","grunt-cli":"~0.1.8","grunt":"~0.4.1","grunt-shell":"~0.2.2","grunt-coffeelint":"0.0.6","temp":"~0.5.0","rimraf":"~2.1.4"},"gitHead":"2046d1562896761e3c38b7a647ac30b87b46ea20","_id":"underscore-plus@1.6.6","_shasum":"65ecde1bdc441a35d89e650fd70dcf13ae439a7d","_from":".","_npmVersion":"2.1.8","_nodeVersion":"0.10.33","_npmUser":{"name":"maxbrunsfeld","email":"maxbrunsfeld@gmail.com"},"maintainers":[{"name":"kevinsawicki","email":"kevinsawicki@gmail.com"},{"name":"mcolyer","email":"matt@colyer.name"},{"name":"benogle","email":"ogle.ben@gmail.com"},{"name":"nathansobo","email":"nathansobo@gmail.com"},{"name":"maxbrunsfeld","email":"maxbrunsfeld@gmail.com"}],"dist":{"shasum":"65ecde1bdc441a35d89e650fd70dcf13ae439a7d","tarball":"http://registry.npmjs.org/underscore-plus/-/underscore-plus-1.6.6.tgz"},"directories":{}}},"readme":"# underscore-plus [![Build Status](https://travis-ci.org/atom/underscore-plus.svg?branch=master)](https://travis-ci.org/atom/underscore-plus)\n\nTakes the great [underscore](http://underscorejs.org/) library and adds a few\nmore things.\n\n## Using\n\n```sh\nnpm install underscore-plus\n```\n\n```coffeescript\n_ = require 'underscore-plus' # Has all underscore methods and more\n```\n","maintainers":[{"name":"kevinsawicki","email":"kevinsawicki@gmail.com"},{"name":"mcolyer","email":"matt@colyer.name"},{"name":"benogle","email":"ogle.ben@gmail.com"},{"name":"nathansobo","email":"nathansobo@gmail.com"},{"name":"maxbrunsfeld","email":"maxbrunsfeld@gmail.com"}],"time":{"modified":"2014-12-18T16:50:54.655Z","created":"2013-10-15T16:23:10.344Z","0.1.0":"2013-10-15T16:23:11.810Z","0.2.0":"2013-10-15T16:34:17.357Z","0.3.0":"2013-11-12T01:05:01.457Z","0.4.1":"2013-12-10T19:28:51.444Z","0.4.0":"2013-12-10T19:41:49.819Z","0.5.0":"2013-12-11T00:26:28.204Z","0.6.0":"2013-12-17T23:29:03.590Z","0.6.1":"2013-12-17T23:46:11.379Z","1.0.0":"2014-01-16T22:26:01.639Z","1.0.1":"2014-01-16T22:15:56.317Z","1.0.2":"2014-02-28T00:21:34.926Z","1.0.3":"2014-03-01T01:15:11.719Z","1.0.4":"2014-03-01T01:32:39.167Z","1.0.5":"2014-03-07T18:20:56.309Z","1.0.6":"2014-03-19T17:10:29.471Z","1.1.0":"2014-03-21T22:47:57.077Z","1.1.1":"2014-03-25T00:01:03.337Z","1.1.2":"2014-03-25T20:51:24.658Z","1.2.0":"2014-04-15T19:32:49.976Z","1.2.1":"2014-04-15T21:57:14.679Z","1.2.2":"2014-05-20T03:30:35.585Z","1.3.0":"2014-05-20T20:01:52.002Z","1.4.0":"2014-06-03T21:30:06.059Z","1.4.1":"2014-06-03T21:45:13.690Z","1.5.0":"2014-06-19T23:39:45.851Z","1.5.1":"2014-07-22T22:56:40.733Z","1.5.2":"2014-10-20T23:56:00.745Z","1.6.0":"2014-10-20T23:58:18.053Z","1.6.1":"2014-10-22T17:20:14.608Z","1.6.2":"2014-12-11T19:08:01.867Z","2.0.0":"2014-12-13T00:44:40.108Z","1.6.3":"2014-12-15T20:56:23.888Z","1.6.4":"2014-12-18T01:35:54.158Z","1.6.5":"2014-12-18T02:14:17.115Z","1.6.6":"2014-12-18T16:50:54.655Z"},"repository":{"type":"git","url":"https://github.com/atom/underscore-plus.git"},"readmeFilename":"README.md","homepage":"http://atom.github.io/underscore-plus","keywords":["underscore"],"bugs":{"url":"https://github.com/atom/underscore-plus/issues"},"users":{"itonyyo":true},"_attachments":{},"_etag":"\"B3ZC0I6ZSO0NYBPHAVRTO27RD\""}