{"digest":"41cb5d34b73d3cacb3e46d347bffae5129b51b2f","css":".about {\n  display: flex;\n  flex-direction: column;\n  align-items: center;\n  justify-content: flex-start;\n  -webkit-user-select: none;\n  cursor: default;\n  overflow: auto;\n  font-size: 1.5em;\n  line-height: 1.4;\n  padding: 4em;\n  color: #aaaaaa;\n  background-color: #292c2f;\n}\n.about button {\n  cursor: default;\n}\n.about a:focus {\n  color: inherit;\n}\n.about img,\n.about a {\n  -webkit-user-drag: none;\n}\n.about .icon::before {\n  margin-right: 0;\n  font-size: 1.5em;\n  width: auto;\n}\n.about .about-container {\n  width: 100%;\n  max-width: 500px;\n}\n.about .about-header {\n  text-align: center;\n}\n.about .about-header .about-atom-io:hover .about-logo {\n  color: #40a977;\n}\n.about .about-header .about-logo {\n  display: block;\n  width: 100%;\n  max-width: 280px;\n  margin: 0 auto 0.4em auto;\n  color: #ffffff;\n  transition: color 0.2s;\n}\n.about .about-header .about-heading {\n  font-size: 1.5em;\n  font-weight: bold;\n}\n.about .about-header .about-version-container:hover {\n  color: #d0d0d0;\n}\n.about .about-header .about-version-container:active {\n  color: #f6f6f6;\n}\n.about .about-header .about-version-container .about-version {\n  margin-right: 8px;\n}\n.about .about-header .about-version-container .about-copy-version::before {\n  position: relative;\n  bottom: 1px;\n}\n.about .about-header button {\n  font-size: 1em;\n}\n.about .about-header .icon::before {\n  font-size: 1em;\n}\n.about .about-actions {\n  margin-top: 3em;\n  font-size: .86em;\n  text-align: center;\n}\n.about .about-note {\n  font-size: .86em;\n  color: #555555;\n}\n.about .about-metrics {\n  margin-top: 2em;\n}\n.about .about-credits {\n  margin-top: 40px;\n  text-align: center;\n}\n.about .about-love {\n  margin-top: 40px;\n  text-align: center;\n  font-size: .86em;\n}\n.about .about-love .icon::before {\n  position: relative;\n  top: 1px;\n}\n.about .about-love .icon-logo-github::before {\n  top: 3px;\n}\n","imports":[{"path":"static/variables/ui-variables.less","digest":"3b703d5c8511c09d0cc2c851f9099d683e6d2176"},{"path":"static/variables/syntax-variables.less","digest":"812c1b7883a023f768773d14294653adcdb932d7"},{"path":"node_modules/atom-dark-ui/styles/ui-variables.less","digest":"16ff91226d75eee2b1f50109fe01fd7b9aa586c9"},{"path":"node_modules/about/styles/variables.less","digest":"216f8c03eba841727de86545798d60b04e25ceb2"}],"version":1}