{"digest":"5361934e6bdd2805e3e9e1e9d69541ae0ef76840","css":"atom-text-editor::shadow .wrap-guide {\n  height: 100%;\n  width: 1px;\n  z-index: 3;\n  position: absolute;\n  top: 0;\n  background-color: rgba(197, 200, 198, 0.1);\n  -webkit-transform: translateZ(0);\n}\n","imports":[{"path":"static/variables/ui-variables.less","digest":"3b703d5c8511c09d0cc2c851f9099d683e6d2176"},{"path":"static/variables/syntax-variables.less","digest":"812c1b7883a023f768773d14294653adcdb932d7"},{"path":"node_modules/atom-dark-syntax/styles/syntax-variables.less","digest":"df71fe29adb4c75717824afcb98e8d17e62d9e5d"}],"version":1}