{"digest":"c7aecf94bf4c4229b6d83d8b0f913cc9bfb46231","css":".settings-view .package-readme {\n  font-size: 1.25em;\n}\n.settings-view .package-readme h1 {\n  font-size: 2em;\n  margin-top: 1.5em;\n}\n.settings-view .package-readme h2 {\n  font-size: 1.75em;\n  margin-top: 1.5em;\n}\n.settings-view .package-readme h3 {\n  font-size: 1.5em;\n  margin-top: 1.75em;\n}\n.settings-view .package-readme h4 {\n  font-size: 1.25em;\n  margin-top: 1.25em;\n}\n.settings-view .package-readme h1,\n.settings-view .package-readme h2,\n.settings-view .package-readme h3,\n.settings-view .package-readme h4 {\n  color: #ffffff;\n}\n.settings-view .package-readme a {\n  color: #5293d8;\n}\n.settings-view .package-readme hr {\n  border-color: #555555;\n}\n.settings-view .package-readme blockquote {\n  border-left-color: #555555;\n}\n.settings-view .package-readme pre {\n  margin-bottom: 1em;\n}\n.settings-view .package-readme img {\n  max-width: 100%;\n}\n.settings-view .package-readme table {\n  display: block;\n  margin-bottom: 1em;\n  width: 100%;\n  overflow: auto;\n  word-break: normal;\n}\n.settings-view .package-readme table th {\n  font-weight: bold;\n  text-align: center;\n}\n.settings-view .package-readme table th,\n.settings-view .package-readme table td {\n  padding: 6px 13px;\n  border: 1px solid rgba(0, 0, 0, 0.5);\n}\n.settings-view .package-readme table tr {\n  border-top: 1px solid rgba(0, 0, 0, 0.5);\n  background-color: #292c2f;\n}\n.settings-view .package-readme table tr:nth-child(2n) {\n  background-color: rgba(255, 255, 255, 0.07);\n}\n.settings-view .package-readme kbd {\n  display: inline-block;\n  padding: .3em .4em;\n  font-size: .8em;\n  line-height: 1;\n  color: #ffffff;\n  vertical-align: middle;\n  background-color: #41454a;\n  border: solid 1px rgba(0, 0, 0, 0.5);\n  border-bottom-color: rgba(0, 0, 0, 0.5);\n  border-radius: 2px;\n  box-shadow: inset 0 -1px 0 rgba(0, 0, 0, 0.5);\n}\n","imports":[{"path":"static/variables/ui-variables.less","digest":"3b703d5c8511c09d0cc2c851f9099d683e6d2176"},{"path":"static/variables/syntax-variables.less","digest":"812c1b7883a023f768773d14294653adcdb932d7"},{"path":"node_modules/atom-dark-ui/styles/ui-variables.less","digest":"16ff91226d75eee2b1f50109fe01fd7b9aa586c9"}],"version":1}