{"_id":"es6-weak-map","_rev":"17-93f11f1beba3cd1d55ed4e882530edf5","name":"es6-weak-map","description":"ECMAScript6 WeakMap polyfill","dist-tags":{"latest":"2.0.1"},"versions":{"0.0.0":{"name":"es6-weak-map","version":"0.0.0","description":"ECMAScript6 WeakMap polyfill","author":{"name":"Mariusz Nowak","email":"medyk@medikoo.com","url":"http://www.medikoo.com/"},"keywords":["map","weakmap","collection","es6","harmony","list","hash","gc"],"repository":{"type":"git","url":"git://github.com/medikoo/es6-weak-map.git"},"scripts":{"test":"node ./node_modules/tad/bin/tad"},"dependencies":{"d":"git://github.com/medikoo/d.git","es5-ext":"git://github.com/medikoo/es5-ext.git","es6-iterator":"git://github.com/medikoo/es6-iterator.git","time-uuid":"git://github.com/medikoo/time-uuid.git"},"devDependencies":{"tad":"~0.1.19"},"license":"MIT","bugs":{"url":"https://github.com/medikoo/es6-weak-map/issues"},"_id":"es6-weak-map@0.0.0","dist":{"shasum":"7d265054c646afc718dd8604a530fd6d1841e2ab","tarball":"http://registry.npmjs.org/es6-weak-map/-/es6-weak-map-0.0.0.tgz"},"_from":".","_npmVersion":"1.3.11","_npmUser":{"name":"medikoo","email":"medikoo+npm@medikoo.com"},"maintainers":[{"name":"medikoo","email":"medikoo+npm@medikoo.com"}],"directories":{}},"0.1.0":{"name":"es6-weak-map","version":"0.1.0","description":"ECMAScript6 WeakMap polyfill","author":{"name":"Mariusz Nowak","email":"medyk@medikoo.com","url":"http://www.medikoo.com/"},"keywords":["map","weakmap","collection","es6","harmony","list","hash","gc"],"repository":{"type":"git","url":"git://github.com/medikoo/es6-weak-map.git"},"dependencies":{"d":"~0.1.1","es5-ext":"~0.10.2","es6-iterator":"~0.1.1","es6-symbol":"0.1.x","time-uuid":"0.2.x"},"devDependencies":{"tad":"0.2.x"},"scripts":{"test":"node ./node_modules/tad/bin/tad"},"license":"MIT","bugs":{"url":"https://github.com/medikoo/es6-weak-map/issues"},"homepage":"https://github.com/medikoo/es6-weak-map","_id":"es6-weak-map@0.1.0","dist":{"shasum":"c8084318cc9aec498a9af3f62dbb74dc67b61c1f","tarball":"http://registry.npmjs.org/es6-weak-map/-/es6-weak-map-0.1.0.tgz"},"_from":".","_npmVersion":"1.4.3","_npmUser":{"name":"medikoo","email":"medikoo+npm@medikoo.com"},"maintainers":[{"name":"medikoo","email":"medikoo+npm@medikoo.com"}],"directories":{}},"0.1.1":{"name":"es6-weak-map","version":"0.1.1","description":"ECMAScript6 WeakMap polyfill","author":{"name":"Mariusz Nowak","email":"medyk@medikoo.com","url":"http://www.medikoo.com/"},"keywords":["map","weakmap","collection","es6","harmony","list","hash","gc"],"repository":{"type":"git","url":"git://github.com/medikoo/es6-weak-map.git"},"dependencies":{"d":"~0.1.1","es5-ext":"~0.10.4","es6-iterator":"~0.1.1","es6-symbol":"0.1.x","time-uuid":"~0.2.1"},"devDependencies":{"tad":"0.2.x"},"scripts":{"test":"node ./node_modules/tad/bin/tad"},"license":"MIT","bugs":{"url":"https://github.com/medikoo/es6-weak-map/issues"},"homepage":"https://github.com/medikoo/es6-weak-map","_id":"es6-weak-map@0.1.1","_shasum":"e5215968ba23c59c57559058d5350453dc2f46f6","_from":".","_npmVersion":"1.4.9","_npmUser":{"name":"medikoo","email":"medikoo+npm@medikoo.com"},"maintainers":[{"name":"medikoo","email":"medikoo+npm@medikoo.com"}],"dist":{"shasum":"e5215968ba23c59c57559058d5350453dc2f46f6","tarball":"http://registry.npmjs.org/es6-weak-map/-/es6-weak-map-0.1.1.tgz"},"directories":{}},"0.1.2":{"name":"es6-weak-map","version":"0.1.2","description":"ECMAScript6 WeakMap polyfill","author":{"name":"Mariusz Nowak","email":"medyk@medikoo.com","url":"http://www.medikoo.com/"},"keywords":["map","weakmap","collection","es6","harmony","list","hash","gc"],"repository":{"type":"git","url":"git://github.com/medikoo/es6-weak-map.git"},"dependencies":{"d":"~0.1.1","es5-ext":"~0.10.4","es6-iterator":"~0.1.1","es6-symbol":"0.1.x"},"devDependencies":{"tad":"0.2.x"},"scripts":{"test":"node ./node_modules/tad/bin/tad"},"license":"MIT","gitHead":"f533102fc6d79889bda099fb94f1158cff2b6517","bugs":{"url":"https://github.com/medikoo/es6-weak-map/issues"},"homepage":"https://github.com/medikoo/es6-weak-map","_id":"es6-weak-map@0.1.2","_shasum":"bc5b5fab73f68f6f77a6b39c481fce3d7856d385","_from":".","_npmVersion":"1.4.23","_npmUser":{"name":"medikoo","email":"medikoo+npm@medikoo.com"},"maintainers":[{"name":"medikoo","email":"medikoo+npm@medikoo.com"}],"dist":{"shasum":"bc5b5fab73f68f6f77a6b39c481fce3d7856d385","tarball":"http://registry.npmjs.org/es6-weak-map/-/es6-weak-map-0.1.2.tgz"},"directories":{}},"0.1.3":{"name":"es6-weak-map","version":"0.1.3","description":"ECMAScript6 WeakMap polyfill","author":{"name":"Mariusz Nowak","email":"medyk@medikoo.com","url":"http://www.medikoo.com/"},"keywords":["map","weakmap","collection","es6","harmony","list","hash","gc"],"repository":{"type":"git","url":"git://github.com/medikoo/es6-weak-map.git"},"dependencies":{"d":"~0.1.1","es5-ext":"~0.10.6","es6-iterator":"~0.1.3","es6-symbol":"~2.0.1"},"devDependencies":{"tad":"~0.2.2","xlint":"~0.2.2","xlint-jslint-medikoo":"~0.1.2"},"scripts":{"lint":"node node_modules/xlint/bin/xlint --linter=node_modules/xlint-jslint-medikoo/index.js --no-cache --no-stream","lint-console":"node node_modules/xlint/bin/xlint --linter=node_modules/xlint-jslint-medikoo/index.js --watch","test":"node ./node_modules/tad/bin/tad"},"license":"MIT","gitHead":"426b350ff12e90741cf0c42a0c09edc460d6f825","bugs":{"url":"https://github.com/medikoo/es6-weak-map/issues"},"homepage":"https://github.com/medikoo/es6-weak-map","_id":"es6-weak-map@0.1.3","_shasum":"5d3f509d2a422a309504ea00620b01095b67b6d7","_from":".","_npmVersion":"2.7.4","_nodeVersion":"0.12.2","_npmUser":{"name":"medikoo","email":"medikoo+npm@medikoo.com"},"maintainers":[{"name":"medikoo","email":"medikoo+npm@medikoo.com"}],"dist":{"shasum":"5d3f509d2a422a309504ea00620b01095b67b6d7","tarball":"http://registry.npmjs.org/es6-weak-map/-/es6-weak-map-0.1.3.tgz"},"directories":{}},"0.1.4":{"name":"es6-weak-map","version":"0.1.4","description":"ECMAScript6 WeakMap polyfill","author":{"name":"Mariusz Nowak","email":"medyk@medikoo.com","url":"http://www.medikoo.com/"},"keywords":["map","weakmap","collection","es6","harmony","list","hash","gc"],"repository":{"type":"git","url":"git://github.com/medikoo/es6-weak-map.git"},"dependencies":{"d":"~0.1.1","es5-ext":"~0.10.6","es6-iterator":"~0.1.3","es6-symbol":"~2.0.1"},"devDependencies":{"tad":"~0.2.2"},"scripts":{"test":"node ./node_modules/tad/bin/tad"},"license":"MIT","gitHead":"e68802395b82a700257374c379cfaafe84ee8552","bugs":{"url":"https://github.com/medikoo/es6-weak-map/issues"},"homepage":"https://github.com/medikoo/es6-weak-map","_id":"es6-weak-map@0.1.4","_shasum":"706cef9e99aa236ba7766c239c8b9e286ea7d228","_from":".","_npmVersion":"2.7.4","_nodeVersion":"0.12.2","_npmUser":{"name":"medikoo","email":"medikoo+npm@medikoo.com"},"maintainers":[{"name":"medikoo","email":"medikoo+npm@medikoo.com"}],"dist":{"shasum":"706cef9e99aa236ba7766c239c8b9e286ea7d228","tarball":"http://registry.npmjs.org/es6-weak-map/-/es6-weak-map-0.1.4.tgz"},"directories":{}},"1.0.0":{"name":"es6-weak-map","version":"1.0.0","description":"ECMAScript6 WeakMap polyfill","author":{"name":"Mariusz Nowak","email":"medyk@medikoo.com","url":"http://www.medikoo.com/"},"keywords":["map","weakmap","collection","es6","harmony","list","hash","gc"],"repository":{"type":"git","url":"git://github.com/medikoo/es6-weak-map.git"},"dependencies":{"d":"^0.1.1","es5-ext":"^0.10.6","es6-iterator":"^0.1.3","es6-symbol":"^2.0.1"},"devDependencies":{"tad":"^0.2.2","xlint":"^0.2.2","xlint-jslint-medikoo":"^0.1.2"},"scripts":{"lint":"node node_modules/xlint/bin/xlint --linter=node_modules/xlint-jslint-medikoo/index.js --no-cache --no-stream","lint-console":"node node_modules/xlint/bin/xlint --linter=node_modules/xlint-jslint-medikoo/index.js --watch","test":"node ./node_modules/tad/bin/tad"},"license":"MIT","gitHead":"45275c27e25ecff3348557962537ea88532fb021","bugs":{"url":"https://github.com/medikoo/es6-weak-map/issues"},"homepage":"https://github.com/medikoo/es6-weak-map","_id":"es6-weak-map@1.0.0","_shasum":"e73486473278e4041fbf65e5517768cfedf300d3","_from":".","_npmVersion":"2.7.4","_nodeVersion":"0.12.2","_npmUser":{"name":"medikoo","email":"medikoo+npm@medikoo.com"},"maintainers":[{"name":"medikoo","email":"medikoo+npm@medikoo.com"}],"dist":{"shasum":"e73486473278e4041fbf65e5517768cfedf300d3","tarball":"http://registry.npmjs.org/es6-weak-map/-/es6-weak-map-1.0.0.tgz"},"directories":{}},"1.0.1":{"name":"es6-weak-map","version":"1.0.1","description":"ECMAScript6 WeakMap polyfill","author":{"name":"Mariusz Nowak","email":"medyk@medikoo.com","url":"http://www.medikoo.com/"},"keywords":["map","weakmap","collection","es6","harmony","list","hash","gc"],"repository":{"type":"git","url":"git://github.com/medikoo/es6-weak-map.git"},"dependencies":{"d":"^0.1.1","es5-ext":"^0.10.6","es6-iterator":"^0.1.3","es6-symbol":"^2.0.1"},"devDependencies":{"tad":"^0.2.2","xlint":"^0.2.2","xlint-jslint-medikoo":"^0.1.2"},"scripts":{"lint":"node node_modules/xlint/bin/xlint --linter=node_modules/xlint-jslint-medikoo/index.js --no-cache --no-stream","lint-console":"node node_modules/xlint/bin/xlint --linter=node_modules/xlint-jslint-medikoo/index.js --watch","test":"node ./node_modules/tad/bin/tad"},"license":"MIT","gitHead":"9cba09eac70d69c70e25af5490501e8d69bcf23d","bugs":{"url":"https://github.com/medikoo/es6-weak-map/issues"},"homepage":"https://github.com/medikoo/es6-weak-map","_id":"es6-weak-map@1.0.1","_shasum":"c68cd1cf5ab76011d6e4210c685c064eeea37b38","_from":".","_npmVersion":"2.7.4","_nodeVersion":"0.12.2","_npmUser":{"name":"medikoo","email":"medikoo+npm@medikoo.com"},"maintainers":[{"name":"medikoo","email":"medikoo+npm@medikoo.com"}],"dist":{"shasum":"c68cd1cf5ab76011d6e4210c685c064eeea37b38","tarball":"http://registry.npmjs.org/es6-weak-map/-/es6-weak-map-1.0.1.tgz"},"directories":{}},"1.0.2":{"name":"es6-weak-map","version":"1.0.2","description":"ECMAScript6 WeakMap polyfill","author":{"name":"Mariusz Nowak","email":"medyk@medikoo.com","url":"http://www.medikoo.com/"},"keywords":["map","weakmap","collection","es6","harmony","list","hash","gc","ponyfill"],"repository":{"type":"git","url":"git://github.com/medikoo/es6-weak-map.git"},"dependencies":{"d":"^0.1.1","es5-ext":"^0.10.6","es6-iterator":"^0.1.3","es6-symbol":"^2.0.1"},"devDependencies":{"tad":"^0.2.2","xlint":"^0.2.2","xlint-jslint-medikoo":"^0.1.2"},"scripts":{"lint":"node node_modules/xlint/bin/xlint --linter=node_modules/xlint-jslint-medikoo/index.js --no-cache --no-stream","lint-console":"node node_modules/xlint/bin/xlint --linter=node_modules/xlint-jslint-medikoo/index.js --watch","test":"node ./node_modules/tad/bin/tad"},"license":"MIT","gitHead":"8ebc1ccea67efc57081ac66024e4e28a88e64558","bugs":{"url":"https://github.com/medikoo/es6-weak-map/issues"},"homepage":"https://github.com/medikoo/es6-weak-map","_id":"es6-weak-map@1.0.2","_shasum":"769cbb261cc54bc70841536d136121f1bacb00cf","_from":".","_npmVersion":"2.7.4","_nodeVersion":"0.12.2","_npmUser":{"name":"medikoo","email":"medikoo+npm@medikoo.com"},"maintainers":[{"name":"medikoo","email":"medikoo+npm@medikoo.com"}],"dist":{"shasum":"769cbb261cc54bc70841536d136121f1bacb00cf","tarball":"http://registry.npmjs.org/es6-weak-map/-/es6-weak-map-1.0.2.tgz"},"directories":{}},"2.0.0":{"name":"es6-weak-map","version":"2.0.0","description":"ECMAScript6 WeakMap polyfill","author":{"name":"Mariusz Nowak","email":"medyk@medikoo.com","url":"http://www.medikoo.com/"},"keywords":["map","weakmap","collection","es6","harmony","list","hash","gc","ponyfill"],"repository":{"type":"git","url":"git://github.com/medikoo/es6-weak-map.git"},"dependencies":{"d":"^0.1.1","es5-ext":"^0.10.7","es6-iterator":"1","es6-symbol":"^2.0.1"},"devDependencies":{"tad":"^0.2.3","xlint":"^0.2.2","xlint-jslint-medikoo":"^0.1.4"},"scripts":{"lint":"node node_modules/xlint/bin/xlint --linter=node_modules/xlint-jslint-medikoo/index.js --no-cache --no-stream","lint-console":"node node_modules/xlint/bin/xlint --linter=node_modules/xlint-jslint-medikoo/index.js --watch","test":"node ./node_modules/tad/bin/tad"},"license":"MIT","gitHead":"ed9520bce248ecedff2614674f3fff2e4e31dfb7","bugs":{"url":"https://github.com/medikoo/es6-weak-map/issues"},"homepage":"https://github.com/medikoo/es6-weak-map#readme","_id":"es6-weak-map@2.0.0","_shasum":"eefc514c2d7a13703e29c497ef6c5bdbbbd3919b","_from":".","_npmVersion":"2.11.3","_nodeVersion":"0.12.7","_npmUser":{"name":"medikoo","email":"medikoo+npm@medikoo.com"},"dist":{"shasum":"eefc514c2d7a13703e29c497ef6c5bdbbbd3919b","tarball":"http://registry.npmjs.org/es6-weak-map/-/es6-weak-map-2.0.0.tgz"},"maintainers":[{"name":"medikoo","email":"medikoo+npm@medikoo.com"}],"directories":{}},"2.0.1":{"name":"es6-weak-map","version":"2.0.1","description":"ECMAScript6 WeakMap polyfill","author":{"name":"Mariusz Nowak","email":"medyk@medikoo.com","url":"http://www.medikoo.com/"},"keywords":["map","weakmap","collection","es6","harmony","list","hash","gc","ponyfill"],"repository":{"type":"git","url":"git://github.com/medikoo/es6-weak-map.git"},"dependencies":{"d":"^0.1.1","es5-ext":"^0.10.8","es6-iterator":"2","es6-symbol":"3"},"devDependencies":{"tad":"^0.2.3","xlint":"^0.2.2","xlint-jslint-medikoo":"^0.1.4"},"scripts":{"lint":"node node_modules/xlint/bin/xlint --linter=node_modules/xlint-jslint-medikoo/index.js --no-cache --no-stream","lint-console":"node node_modules/xlint/bin/xlint --linter=node_modules/xlint-jslint-medikoo/index.js --watch","test":"node ./node_modules/tad/bin/tad"},"license":"MIT","gitHead":"b8b62d44e3b9f8134095c8fb6a5697e371b36867","bugs":{"url":"https://github.com/medikoo/es6-weak-map/issues"},"homepage":"https://github.com/medikoo/es6-weak-map#readme","_id":"es6-weak-map@2.0.1","_shasum":"0d2bbd8827eb5fb4ba8f97fbfea50d43db21ea81","_from":".","_npmVersion":"2.11.3","_nodeVersion":"0.12.7","_npmUser":{"name":"medikoo","email":"medikoo+npm@medikoo.com"},"dist":{"shasum":"0d2bbd8827eb5fb4ba8f97fbfea50d43db21ea81","tarball":"http://registry.npmjs.org/es6-weak-map/-/es6-weak-map-2.0.1.tgz"},"maintainers":[{"name":"medikoo","email":"medikoo+npm@medikoo.com"}],"directories":{}}},"readme":"# es6-weak-map\n## WeakMap collection as specified in ECMAScript6\n\n_Roughly inspired by Mark Miller's and Kris Kowal's [WeakMap implementation](https://github.com/drses/weak-map)_.\n\nDifferences are:\n- Assumes compliant ES5 environment (no weird ES3 workarounds or hacks)\n- Well modularized CJS style\n- Based on one solution.\n\n### Limitations\n\n- Will fail on non extensible objects provided as keys\n\n### Installation\n\n\t$ npm install es6-weak-map\n\nTo port it to Browser or any other (non CJS) environment, use your favorite CJS bundler. No favorite yet? Try: [Browserify](http://browserify.org/), [Webmake](https://github.com/medikoo/modules-webmake) or [Webpack](http://webpack.github.io/)\n\n### Usage\n\nIf you want to make sure your environment implements `WeakMap`, do:\n\n```javascript\nrequire('es6-weak-map/implement');\n```\n\nIf you'd like to use native version when it exists and fallback to polyfill if it doesn't, but without implementing `WeakMap` on global scope, do:\n\n```javascript\nvar WeakMap = require('es6-weak-map');\n```\n\nIf you strictly want to use polyfill even if native `WeakMap` exists, do:\n\n```javascript\nvar WeakMap = require('es6-weak-map/polyfill');\n```\n\n#### API\n\nBest is to refer to [specification](http://people.mozilla.org/~jorendorff/es6-draft.html#sec-weakmap-objects). Still if you want quick look, follow example:\n\n```javascript\nvar WeakMap = require('es6-weak-map');\n\nvar map = new WeakMap();\nvar obj = {};\n\nmap.set(obj, 'foo'); // map\nmap.get(obj);        // 'foo'\nmap.has(obj);        // true\nmap.delete(obj);     // true\nmap.get(obj);        // undefined\nmap.has(obj);        // false\nmap.set(obj, 'bar'); // map\nmap.has(obj);        // false\n```\n\n## Tests [![Build Status](https://travis-ci.org/medikoo/es6-weak-map.svg)](https://travis-ci.org/medikoo/es6-weak-map)\n\n\t$ npm test\n","maintainers":[{"name":"medikoo","email":"medikoo+npm@medikoo.com"}],"time":{"modified":"2015-10-02T13:33:58.065Z","created":"2013-10-24T15:10:27.843Z","0.0.0":"2013-10-24T15:10:31.650Z","0.1.0":"2014-04-29T13:05:23.545Z","0.1.1":"2014-05-15T16:33:38.587Z","0.1.2":"2014-09-01T10:34:10.151Z","0.1.3":"2015-04-12T09:45:43.893Z","0.1.4":"2015-04-13T07:46:32.212Z","1.0.0":"2015-04-13T07:58:36.318Z","1.0.1":"2015-04-14T06:44:19.767Z","1.0.2":"2015-05-07T13:25:24.481Z","2.0.0":"2015-09-04T06:26:16.266Z","2.0.1":"2015-10-02T13:33:58.065Z"},"author":{"name":"Mariusz Nowak","email":"medyk@medikoo.com","url":"http://www.medikoo.com/"},"repository":{"type":"git","url":"git://github.com/medikoo/es6-weak-map.git"},"homepage":"https://github.com/medikoo/es6-weak-map#readme","keywords":["map","weakmap","collection","es6","harmony","list","hash","gc","ponyfill"],"bugs":{"url":"https://github.com/medikoo/es6-weak-map/issues"},"license":"MIT","readmeFilename":"README.md","users":{"fgribreau":true},"_attachments":{},"_etag":"\"DBAWLO6AQR930X30NZGWWA9TD\""}