{"digest":"8afcf7cfc3587d8103c5d10443e271085467323b","css":".welcome {\n  display: flex;\n  flex-direction: column;\n  align-items: center;\n  justify-content: center;\n  padding: 4em;\n  font-size: 1.25em;\n  line-height: 1.4;\n  color: #aaaaaa;\n  background-color: #292c2f;\n  overflow-x: auto;\n}\n.welcome p {\n  line-height: inherit;\n}\n.welcome a {\n  color: #5293d8;\n}\n.welcome ul {\n  padding-left: 2em;\n}\n.welcome-container {\n  width: 100%;\n  max-width: 400px;\n}\n.welcome-header {\n  margin: 0 0 6em 0;\n}\n.welcome-logo {\n  display: block;\n  width: 100%;\n  max-width: 280px;\n  margin: 0 auto 2em auto;\n  color: #ffffff;\n}\n.welcome-title {\n  font-size: 1.4em;\n  text-align: center;\n  line-height: 1.3;\n  margin: 1em 0;\n}\n.welcome-card {\n  margin: 1em 0;\n  border-radius: 4px;\n  border: 1px solid rgba(0, 0, 0, 0.5);\n  background-color: #303337;\n}\n.welcome-summary {\n  padding: 1em 1.5em;\n  font-size: 1.1em;\n  font-weight: 300;\n  line-height: 1.2;\n  cursor: pointer;\n}\n.welcome-summary:hover {\n  color: #b4b4b4;\n}\n.welcome-summary::-webkit-details-marker {\n  display: none;\n}\n.welcome-summary:before {\n  width: 20px;\n  color: #555555;\n}\ndetails[open] .welcome-summary:before {\n  color: #ffffff;\n}\ndetails[open] .welcome-summary {\n  color: #ffffff;\n}\n.welcome-highlight {\n  color: #ffffff;\n}\n.welcome-detail {\n  border-top: 1px solid rgba(0, 0, 0, 0.5);\n  padding: 1.5em;\n}\n.welcome-detail .welcome-note {\n  margin-bottom: 0;\n}\n.welcome-img {\n  display: block;\n  max-width: 100%;\n  border-radius: 3px;\n  margin: 0 0 1em 0;\n  border: 1px solid rgba(0, 0, 0, 0.5);\n}\n.welcome-key {\n  display: inline-block;\n  padding: .3em .4em;\n  font-size: .8em;\n  line-height: 1;\n  border-radius: 3px;\n  color: #ffffff;\n  border: 1px solid #555555;\n  background: rgba(0, 0, 0, 0.1);\n}\n.welcome-note {\n  font-size: .86em;\n  color: #555555;\n}\n.welcome-metrics {\n  margin-top: 2em;\n}\n.welcome-footer {\n  text-align: center;\n}\n","imports":[{"path":"static/variables/ui-variables.less","digest":"3b703d5c8511c09d0cc2c851f9099d683e6d2176"},{"path":"static/variables/syntax-variables.less","digest":"812c1b7883a023f768773d14294653adcdb932d7"},{"path":"node_modules/atom-dark-ui/styles/ui-variables.less","digest":"16ff91226d75eee2b1f50109fe01fd7b9aa586c9"}],"version":1}