{".source.ruby.rails, .text.html.ruby, .text.html.erb":{"form_for":{"prefix":"form_for","body":"<%= form_for ${1} do |f| %>\n  ${2:<%= render \"shared/errors\", object: ${1} %>}\n  ${3:<%= f.text_field :${4:field_1}, class: \"${5:form-control}\" %>}\n  ${6}\n<% end %>"},"form_tag":{"prefix":"form_tag","body":"<%= form_tag ${1:submission_path}, method: :${2:get}, class: \"navbar-form navbar-left search-form\" do %>\n  <%= text_field_tag(\n      :${3:search},\n      params[:${3:search}],\n      placeholder: \"Search\",\n      class: \"form-control\"\n  ) %>\n<% end %>"},"label_field":{"prefix":"fl","body":"<%= f.label :${1:field_1}, class: \"${2:control-label}\" %>"},"text_field":{"prefix":"ftf","body":"<%= f.text_field :${1:field_1}${2:, class: \"${3:form-control}\"} %>"},"password_field":{"prefix":"fpf","body":"<%= f.password_field :${1:field_1}${2:, class: \"${3:form-control}\"} %>"},"email_field":{"prefix":"fes","body":"<%= f.email_field :${1:field_1}${2:, class: \"${3:form-control}\"} %>"},"hidden_field":{"prefix":"fhf","body":"<%= f.hidden_field :${1:field_1}, value: \"${2:true}\" %>"},"number_field":{"prefix":"fnf","body":"<%= f.number_field :${1:field_1}${2:, class: \"${3:form-control}\"} %>"},"text_area":{"prefix":"fta","body":"<%= f.text_area :${1:field_1}${2:, class: \"${3:form-control}\"} %>"},"date_select":{"prefix":"fds","body":"<%= f.date_select :${1:field_1}, class: \"${2:form-control}\" %>"},"datetime_select":{"prefix":"fdts","body":"<%= f.datetime_select :${1:field_1}, class: \"${2:form-control}\" %>"},"collection_select":{"prefix":"fcs","body":"<%= f.collection_select(\n      :${1:resource_id},\n      @${2:collection},\n      :${3:id},\n      :${4:name},\n      {\n        include_blank: \"${5:Please select one}\"\n      },\n      { class: \"${6:form-control}\" }\n) %>"},"select_field":{"prefix":"fsf","body":"<%= f.select(\n    :${1:resource_id},\n    options_from_collection_for_select(\n      @${2:collection},\n      :${3:id},\n      :${4:name},\n      @${5:form_object}.${1:resource_id}\n    ),\n    {\n      include_blank: \"${6:Please select one}\"\n    },\n    { class: \"${7:form-control}\" }\n) %>$8"},"select_tag":{"prefix":"st","body":"<%= select_tag(\n  :${1:color_id},\n  options_from_collection_for_select(\n    @${2:colors},\n    :${3:id},\n    :${4:name},\n    params[:${1:color_id}]\n  ),\n  {\n    include_blank: \"Please select one\"\n  },\n  { class: \"${5:form-control}\" }\n) %> $0"},"checkbox":{"prefix":"fcb","body":"<%= f.check_box :${1:method}, ${2:options}, ${3:true}, ${4:false} %>"},"file_field":{"prefix":"fff","body":"<%= f.file_field :${1:file}, accept: \"${2:video/mp4}\", class: \"form-control\" %>"},"submit_field":{"prefix":"fs","body":"<%= f.submit \"${1:Save / Update}\"${2:, class: \"${3:btn btn-primary\"}} %>$0"},"submit_tag":{"prefix":"sut","body":"<%= submit_tag \"${1:Search!}\"${2:, class: \"${4:btn btn-${3:primary}}\"} %>$0"},"input":{"prefix":"f.","body":"<%= f.${1:text}_field :${2:field_1}${3:, class: \"${4:form-control}\"} %>$0"}}}