{".source.ruby, .source.ruby.rails .meta.rails.model":{"enum":{"prefix":"enum","body":"enum ${1:status}: [\n  :${2:active},\n  :${3:unactive},\n  :${4:archieved}\n]$5"},"scope":{"prefix":"scope","body":"scope :${1:scope_name}, -> { ${2:where(${3:field}: ${4:true})} $5 }"},"scope_params":{"prefix":"scopep","body":"scope :${1:scope_name}, -> (${2:param}) do\n  where(${3:attribute}: ${2:param})\nend"},"scope_lambda":{"prefix":"scopel","body":"scope :${1:scope_name}, -> do\n  where(${2:\"${3:created_at} ${4:>=} ?\",} ${5:Time.now - 1.week})\nend$6"},"scope_between_dates":{"prefix":"scopebd","body":"scope :${1:scope_name}, -> do\n  where(\n    \"${2:attribute} BETWEEN ? AND ?\",\n    ${3:Time.now.at_beginning_of_day},\n    ${4:Time.now.at_end_of_day}\n  )\nend$5"},"scope_joins":{"prefix":"scopej","body":"scope :${1:scope_name},\n  joins(:${2:table_name}).where(\n    \"${2:table_name}.${3:join_table_attribute} ${4:=} ?\",\n    ${5:true}\n  )$6"},"scope_joins_with_parameter":{"prefix":"scopejp","body":"scope :${1:scope_name}, -> (${2:attribute}) do\n  joins(:${3:table_name}).where(\n    \"${3:table_name}.${4:join_table_attribute} ${5:=} ?\",\n    ${2:attribute}\n  )\nend$7"},"default_scope":{"prefix":"ds","body":"default_scope do\n  ${2:where(${3:field}: ${4:true})}\nend $5"},"alias_attribute":{"prefix":"ala","body":"alias_attribute :${1:new_name}, :${2:old_name}$0"}}}