{"_id":"jquery","_rev":"262-9c288324d79fd588eab2ea7ffb254ad3","name":"jquery","description":"JavaScript library for DOM operations","dist-tags":{"beta":"3.0.0-alpha1","latest":"2.1.4","old":"1.9.1","compat":"1.11.3"},"versions":{"1.5.1":{"name":"jquery","description":"jQuery: The Write Less, Do More, JavaScript Library","url":"jquery.com","keywords":["util","dom","jquery"],"author":{"name":"John Resig","email":"jeresig@gmail.com"},"contributors":[],"dependencies":{"jsdom":"=0.1.20","htmlparser":">= 1.7.3"},"lib":"lib","main":"./dist/node-jquery.js","version":"1.5.1","_id":"jquery@1.5.1","engines":{"node":"*"},"_engineSupported":true,"_npmVersion":"0.3.15","_nodeVersion":"v0.4.2","directories":{"lib":"./lib"},"files":[""],"_defaultsLoaded":true,"dist":{"shasum":"2ae2d661e906c1a01e044a71bb5b2743942183e5","tarball":"http://registry.npmjs.org/jquery/-/jquery-1.5.1.tgz"}},"1.6.2":{"name":"jquery","description":"jQuery: The Write Less, Do More, JavaScript Library","url":"jquery.com","keywords":["util","dom","jquery"],"author":{"name":"John Resig","email":"jeresig@gmail.com"},"contributors":[],"dependencies":{"jsdom":">=0.2.0","htmlparser":">= 1.7.3"},"lib":"lib","main":"./dist/node-jquery.js","version":"1.6.2","_npmJsonOpts":{"file":"/Users/coolaj86/.npm/jquery/1.6.2/package/package.json","wscript":false,"contributors":false,"serverjs":false},"_id":"jquery@1.6.2","devDependencies":{},"engines":{"node":"*"},"_engineSupported":true,"_npmVersion":"1.0.15","_nodeVersion":"v0.4.8","_defaultsLoaded":true,"dist":{"shasum":"01757a4c5beea29e8ae697527c3131abbe997a28","tarball":"http://registry.npmjs.org/jquery/-/jquery-1.6.2.tgz"},"scripts":{},"directories":{}},"1.6.3":{"name":"jquery","description":"jQuery: The Write Less, Do More, JavaScript Library (packaged for Node.JS)","url":"http://jquery.com","keywords":["util","dom","jquery"],"author":{"name":"John Resig","email":"jeresig@gmail.com"},"contributors":[],"dependencies":{"jsdom":">=0.2.0","htmlparser":">= 1.7.3"},"lib":".","main":"./node-jquery.js","version":"1.6.3","_npmJsonOpts":{"file":"/Users/coolaj86/.npm/jquery/1.6.3/package/package.json","wscript":false,"contributors":false,"serverjs":false},"_id":"jquery@1.6.3","devDependencies":{},"engines":{"node":"*"},"_engineSupported":true,"_npmVersion":"1.0.22","_nodeVersion":"v0.4.8","_defaultsLoaded":true,"dist":{"shasum":"e1f732fa7e718a6adb3ec20ae0eb2a64fd95ef01","tarball":"http://registry.npmjs.org/jquery/-/jquery-1.6.3.tgz"},"scripts":{},"maintainers":[{"name":"coolaj86","email":"coolaj86@gmail.com"}],"directories":{}},"1.7.2":{"name":"jquery","description":"jQuery: The Write Less, Do More, JavaScript Library (packaged for Node.JS)","version":"1.7.2","url":"http://jquery.com","homepage":"https://github.com/coolaj86/node-jquery","author":{"name":"James Morrin","email":"treasonx@gmail.com"},"repository":{"type":"git","url":"git://github.com/coolaj86/node-jquery.git"},"bugs":{"url":"https://github.com/coolaj86/node-jquery/issues"},"licenses":[{"type":"MIT","url":"https://github.com/coolaj86/node-jquery/blob/master/LICENSE-MIT"}],"main":"lib/node-jquery","engines":{"node":"0.6"},"scripts":{"test":"grunt test"},"dependencies":{"jsdom":"~0.2.14","htmlparser":"1.7.6","xmlhttprequest":"~1.3.0"},"devDependencies":{"grunt":"~0.3.8","nodeunit":"~0.7.4"},"keywords":["util","dom","jquery"],"_npmUser":{"name":"treasonx","email":"treasonx@gmail.com"},"_id":"jquery@1.7.2","optionalDependencies":{},"_engineSupported":true,"_npmVersion":"1.1.12","_nodeVersion":"v0.6.14","_defaultsLoaded":true,"dist":{"shasum":"a93746763aca75a34df4c16395b0826310d0eaf2","tarball":"http://registry.npmjs.org/jquery/-/jquery-1.7.2.tgz"},"maintainers":[{"name":"coolaj86","email":"coolaj86@gmail.com"},{"name":"treasonx","email":"treasonx@gmail.com"}],"directories":{}},"1.7.3":{"name":"jquery","description":"jQuery: The Write Less, Do More, JavaScript Library (packaged for Node.JS)","version":"1.7.3","url":"http://jquery.com","homepage":"https://github.com/coolaj86/node-jquery","author":{"name":"James Morrin","email":"treasonx@gmail.com"},"repository":{"type":"git","url":"git://github.com/coolaj86/node-jquery.git"},"bugs":{"url":"https://github.com/coolaj86/node-jquery/issues"},"licenses":[{"type":"MIT","url":"https://github.com/coolaj86/node-jquery/blob/master/LICENSE-MIT"}],"main":"lib/node-jquery","engines":{"node":">=0.6"},"scripts":{"test":"grunt test"},"dependencies":{"jsdom":"~0.2.14","htmlparser":"1.7.6","xmlhttprequest":"~1.4.2","location":"0.0.1","navigator":"~1.0.1"},"devDependencies":{"grunt":"~0.3.8","nodeunit":"~0.7.4"},"keywords":["util","dom","jquery"],"_id":"jquery@1.7.3","dist":{"shasum":"e3d00a71612ac7e9b554b438e0987d0272ddba94","tarball":"http://registry.npmjs.org/jquery/-/jquery-1.7.3.tgz"},"maintainers":[{"name":"coolaj86","email":"coolaj86@gmail.com"},{"name":"treasonx","email":"treasonx@gmail.com"}],"directories":{}},"1.8.2":{"name":"jquery","description":"jQuery: The Write Less, Do More, JavaScript Library (packaged for Node.JS)","version":"1.8.2","url":"http://jquery.com","homepage":"https://github.com/coolaj86/node-jquery","author":{"name":"James Morrin","email":"treasonx@gmail.com"},"repository":{"type":"git","url":"git://github.com/coolaj86/node-jquery.git"},"bugs":{"url":"https://github.com/coolaj86/node-jquery/issues"},"licenses":[{"type":"MIT","url":"https://github.com/coolaj86/node-jquery/blob/master/LICENSE-MIT"}],"main":"lib/node-jquery","engines":{"node":">=0.6"},"scripts":{"test":"grunt test"},"dependencies":{"jsdom":"~0.2.14","htmlparser":"1.7.6","xmlhttprequest":"~1.4.2","location":"0.0.1","navigator":"~1.0.1"},"devDependencies":{"grunt":"~0.3.8","nodeunit":"~0.7.4"},"keywords":["util","dom","jquery"],"_id":"jquery@1.8.2","dist":{"shasum":"46790ae07c6de38124eda90bbf7336b43df93305","tarball":"http://registry.npmjs.org/jquery/-/jquery-1.8.2.tgz"},"_npmVersion":"1.1.61","_npmUser":{"name":"treasonx","email":"treasonx@gmail.com"},"maintainers":[{"name":"coolaj86","email":"coolaj86@gmail.com"},{"name":"treasonx","email":"treasonx@gmail.com"}],"directories":{}},"1.8.3":{"name":"jquery","description":"jQuery: The Write Less, Do More, JavaScript Library (packaged for Node.JS)","version":"1.8.3","url":"http://jquery.com","homepage":"https://github.com/coolaj86/node-jquery","author":{"name":"James Morrin","email":"treasonx@gmail.com"},"repository":{"type":"git","url":"git://github.com/coolaj86/node-jquery.git"},"bugs":{"url":"https://github.com/coolaj86/node-jquery/issues"},"licenses":[{"type":"MIT","url":"https://github.com/coolaj86/node-jquery/blob/master/LICENSE-MIT"}],"main":"lib/node-jquery","engines":{"node":">=0.6"},"scripts":{"test":"grunt test"},"dependencies":{"jsdom":"~0.2.14","htmlparser":"1.7.6","xmlhttprequest":"~1.4.2","location":"0.0.1","navigator":"~1.0.1","contextify":"~0.1.3"},"devDependencies":{"grunt":"~0.3.8","nodeunit":"~0.7.4"},"keywords":["util","dom","jquery"],"_id":"jquery@1.8.3","dist":{"shasum":"cfa2941c05a83d966f21347f759a6d15281c60cc","tarball":"http://registry.npmjs.org/jquery/-/jquery-1.8.3.tgz"},"_npmVersion":"1.1.61","_npmUser":{"name":"treasonx","email":"treasonx@gmail.com"},"maintainers":[{"name":"coolaj86","email":"coolaj86@gmail.com"},{"name":"treasonx","email":"treasonx@gmail.com"}],"directories":{}},"2.1.0-beta2":{"name":"jquery","title":"jQuery","description":"JavaScript library for DOM operations","version":"2.1.0-beta2","homepage":"http://jquery.com","author":{"name":"jQuery Foundation and other contributors","url":"https://github.com/jquery/jquery/blob/master/AUTHORS.txt"},"repository":{"type":"git","url":"https://github.com/jquery/jquery.git"},"keywords":["jquery","javascript","library"],"bugs":{"url":"http://bugs.jquery.com"},"licenses":[{"type":"MIT","url":"https://github.com/jquery/jquery/blob/master/MIT-LICENSE.txt"}],"dependencies":{},"devDependencies":{"archiver":"~0.4.10","grunt":"~0.4.1","grunt-bower-task":"~0.3.2","grunt-cli":"~0.1.11","grunt-compare-size":"~0.4.0","grunt-contrib-jshint":"~0.7.0","grunt-contrib-uglify":"~0.2.7","grunt-contrib-watch":"~0.5.3","grunt-git-authors":"~1.2.0","grunt-jscs-checker":"~0.2.3","grunt-jsonlint":"~1.0.1","gzip-js":"0.3.2","load-grunt-tasks":"~0.2.0","testswarm":"~1.1.0","requirejs":"~2.1.9","which":"~1.0.5"},"_id":"jquery@2.1.0-beta2","dist":{"shasum":"e0fbbe2beb45b4d8f808362c7c99ef5bfee7d8c6","tarball":"http://registry.npmjs.org/jquery/-/jquery-2.1.0-beta2.tgz"},"_from":".","_npmVersion":"1.3.11","_npmUser":{"name":"jquery","email":"dave.methvin@gmail.com"},"maintainers":[{"name":"rwaldron","email":"waldron.rick@gmail.com"},{"name":"jquery","email":"npm@jquery.com"}],"directories":{}},"2.1.0-beta3":{"name":"jquery","title":"jQuery","description":"JavaScript library for DOM operations","version":"2.1.0-beta3","main":"dist/jquery.js","homepage":"http://jquery.com","author":{"name":"jQuery Foundation and other contributors","url":"https://github.com/jquery/jquery/blob/2.1.0-beta3/AUTHORS.txt"},"repository":{"type":"git","url":"https://github.com/jquery/jquery.git"},"keywords":["jquery","javascript","library"],"bugs":{"url":"http://bugs.jquery.com"},"licenses":[{"type":"MIT","url":"https://github.com/jquery/jquery/blob/2.1.0-beta3/MIT-LICENSE.txt"}],"dependencies":{},"devDependencies":{"archiver":"0.4.10","gzip-js":"0.3.2","testswarm":"1.1.0","load-grunt-tasks":"0.2.0","requirejs":"2.1.9","shelljs":"0.2.6","grunt":"0.4.2","grunt-cli":"0.1.11","grunt-contrib-jshint":"0.7.2","grunt-contrib-uglify":"0.2.7","grunt-contrib-watch":"0.5.3","grunt-bowercopy":"0.4.1","grunt-compare-size":"0.4.0","grunt-git-authors":"1.2.0","grunt-jscs-checker":"0.2.6","grunt-jsonlint":"1.0.4"},"scripts":{"build":"npm install && grunt","start":"grunt watch","test":"grunt"},"_id":"jquery@2.1.0-beta3","dist":{"shasum":"5a89b624d8fa625fe5fa83a12a9acb1ef8a11d02","tarball":"http://registry.npmjs.org/jquery/-/jquery-2.1.0-beta3.tgz"},"_from":".","_npmVersion":"1.3.21","_npmUser":{"name":"jquery","email":"npm@jquery.org"},"maintainers":[{"name":"jquery","email":"npm@jquery.org"}],"directories":{}},"1.11.0-beta3":{"name":"jquery","title":"jQuery","description":"JavaScript library for DOM operations","version":"1.11.0-beta3","main":"dist/jquery.js","homepage":"http://jquery.com","author":{"name":"jQuery Foundation and other contributors","url":"https://github.com/jquery/jquery/blob/1.11.0-beta3/AUTHORS.txt"},"repository":{"type":"git","url":"https://github.com/jquery/jquery.git"},"keywords":["jquery","javascript","library"],"bugs":{"url":"http://bugs.jquery.com"},"licenses":[{"type":"MIT","url":"https://github.com/jquery/jquery/blob/1.11.0-beta3/MIT-LICENSE.txt"}],"dependencies":{},"devDependencies":{"archiver":"0.4.10","gzip-js":"0.3.2","testswarm":"1.1.0","load-grunt-tasks":"0.2.0","requirejs":"2.1.9","shelljs":"0.2.6","grunt":"0.4.2","grunt-cli":"0.1.11","grunt-contrib-jshint":"0.7.2","grunt-contrib-uglify":"0.2.7","grunt-contrib-watch":"0.5.3","grunt-bowercopy":"0.4.1","grunt-compare-size":"0.4.0","grunt-git-authors":"1.2.0","grunt-jscs-checker":"0.2.6","grunt-jsonlint":"1.0.4"},"scripts":{"build":"npm install && grunt","start":"grunt watch","test":"grunt"},"_id":"jquery@1.11.0-beta3","dist":{"shasum":"0464a6aba9f35f6c83a203caa23ab420909ce852","tarball":"http://registry.npmjs.org/jquery/-/jquery-1.11.0-beta3.tgz"},"_from":".","_npmVersion":"1.3.21","_npmUser":{"name":"jquery","email":"npm@jquery.org"},"maintainers":[{"name":"jquery","email":"npm@jquery.org"}],"directories":{}},"1.11.0-rc1":{"name":"jquery","title":"jQuery","description":"JavaScript library for DOM operations","version":"1.11.0-rc1","main":"dist/jquery.js","homepage":"http://jquery.com","author":{"name":"jQuery Foundation and other contributors","url":"https://github.com/jquery/jquery/blob/1.11.0-rc1/AUTHORS.txt"},"repository":{"type":"git","url":"https://github.com/jquery/jquery.git"},"keywords":["jquery","javascript","library"],"bugs":{"url":"http://bugs.jquery.com"},"licenses":[{"type":"MIT","url":"https://github.com/jquery/jquery/blob/1.11.0-rc1/MIT-LICENSE.txt"}],"dependencies":{},"devDependencies":{"archiver":"0.4.10","gzip-js":"0.3.2","testswarm":"1.1.0","load-grunt-tasks":"0.2.0","requirejs":"2.1.9","shelljs":"0.2.6","grunt":"0.4.2","grunt-cli":"0.1.11","grunt-contrib-jshint":"0.7.2","grunt-contrib-uglify":"0.2.7","grunt-contrib-watch":"0.5.3","grunt-bowercopy":"0.5.0","grunt-compare-size":"0.4.0","grunt-git-authors":"1.2.0","grunt-jscs-checker":"0.2.6","grunt-jsonlint":"1.0.4"},"scripts":{"build":"npm install && grunt","start":"grunt watch","test":"grunt"},"_id":"jquery@1.11.0-rc1","dist":{"shasum":"c2f6a4877374647b20b080c478d8dbcdfb4960ee","tarball":"http://registry.npmjs.org/jquery/-/jquery-1.11.0-rc1.tgz"},"_from":".","_npmVersion":"1.3.23","_npmUser":{"name":"jquery","email":"dave.methvin@gmail.com"},"maintainers":[{"name":"jquery","email":"dave.methvin@gmail.com"}],"directories":{}},"2.1.0-rc1":{"name":"jquery","title":"jQuery","description":"JavaScript library for DOM operations","version":"2.1.0-rc1","main":"dist/jquery.js","homepage":"http://jquery.com","author":{"name":"jQuery Foundation and other contributors","url":"https://github.com/jquery/jquery/blob/2.1.0-rc1/AUTHORS.txt"},"repository":{"type":"git","url":"https://github.com/jquery/jquery.git"},"keywords":["jquery","javascript","library"],"bugs":{"url":"http://bugs.jquery.com"},"licenses":[{"type":"MIT","url":"https://github.com/jquery/jquery/blob/2.1.0-rc1/MIT-LICENSE.txt"}],"dependencies":{},"devDependencies":{"archiver":"0.4.10","gzip-js":"0.3.2","testswarm":"1.1.0","load-grunt-tasks":"0.2.0","requirejs":"2.1.9","shelljs":"0.2.6","grunt":"0.4.2","grunt-cli":"0.1.11","grunt-contrib-jshint":"0.7.2","grunt-contrib-uglify":"0.2.7","grunt-contrib-watch":"0.5.3","grunt-bowercopy":"0.5.0","grunt-compare-size":"0.4.0","grunt-git-authors":"1.2.0","grunt-jscs-checker":"0.2.6","grunt-jsonlint":"1.0.4"},"scripts":{"build":"npm install && grunt","start":"grunt watch","test":"grunt"},"_id":"jquery@2.1.0-rc1","dist":{"shasum":"8c9f5d9a055c2fedb3f5269617ae649497d6a3b0","tarball":"http://registry.npmjs.org/jquery/-/jquery-2.1.0-rc1.tgz"},"_from":".","_npmVersion":"1.3.14","_npmUser":{"name":"scott.gonzalez","email":"scott.gonzalez@gmail.com"},"maintainers":[{"name":"jquery","email":"npm@jquery.com"},{"name":"dmethvin","email":"dave.methvin@gmail.com"},{"name":"scott.gonzalez","email":"scott.gonzalez@gmail.com"}],"directories":{}},"1.11.0":{"name":"jquery","title":"jQuery","description":"JavaScript library for DOM operations","version":"1.11.0","main":"dist/jquery.js","homepage":"http://jquery.com","author":{"name":"jQuery Foundation and other contributors","url":"https://github.com/jquery/jquery/blob/1.11.0/AUTHORS.txt"},"repository":{"type":"git","url":"https://github.com/jquery/jquery.git"},"keywords":["jquery","javascript","library"],"bugs":{"url":"http://bugs.jquery.com"},"licenses":[{"type":"MIT","url":"https://github.com/jquery/jquery/blob/1.11.0/MIT-LICENSE.txt"}],"dependencies":{},"devDependencies":{"archiver":"0.4.10","gzip-js":"0.3.2","testswarm":"1.1.0","load-grunt-tasks":"0.2.0","requirejs":"2.1.9","shelljs":"0.2.6","grunt":"0.4.2","grunt-cli":"0.1.11","grunt-contrib-jshint":"0.7.2","grunt-contrib-uglify":"0.2.7","grunt-contrib-watch":"0.5.3","grunt-bowercopy":"0.5.0","grunt-compare-size":"0.4.0","grunt-git-authors":"1.2.0","grunt-jscs-checker":"0.2.6","grunt-jsonlint":"1.0.4"},"scripts":{"build":"npm install && grunt","start":"grunt watch","test":"grunt"},"_id":"jquery@1.11.0","dist":{"shasum":"c67ceee19b403650d682adcf39d5c9009814d949","tarball":"http://registry.npmjs.org/jquery/-/jquery-1.11.0.tgz"},"_from":".","_npmVersion":"1.3.21","_npmUser":{"name":"jquery","email":"npm@jquery.org"},"maintainers":[{"name":"jquery","email":"npm@jquery.org"}],"directories":{}},"2.1.0":{"name":"jquery","title":"jQuery","description":"JavaScript library for DOM operations","version":"2.1.0","main":"dist/jquery.js","homepage":"http://jquery.com","author":{"name":"jQuery Foundation and other contributors","url":"https://github.com/jquery/jquery/blob/2.1.0/AUTHORS.txt"},"repository":{"type":"git","url":"https://github.com/jquery/jquery.git"},"keywords":["jquery","javascript","library"],"bugs":{"url":"http://bugs.jquery.com"},"licenses":[{"type":"MIT","url":"https://github.com/jquery/jquery/blob/2.1.0/MIT-LICENSE.txt"}],"dependencies":{},"devDependencies":{"archiver":"0.4.10","gzip-js":"0.3.2","testswarm":"1.1.0","load-grunt-tasks":"0.2.0","requirejs":"2.1.9","shelljs":"0.2.6","grunt":"0.4.2","grunt-cli":"0.1.11","grunt-contrib-jshint":"0.7.2","grunt-contrib-uglify":"0.2.7","grunt-contrib-watch":"0.5.3","grunt-bowercopy":"0.5.0","grunt-compare-size":"0.4.0","grunt-git-authors":"1.2.0","grunt-jscs-checker":"0.2.6","grunt-jsonlint":"1.0.4"},"scripts":{"build":"npm install && grunt","start":"grunt watch","test":"grunt"},"_id":"jquery@2.1.0","dist":{"shasum":"1c9a8c971d2b53dae10d72e16cbb5a1df16a4ace","tarball":"http://registry.npmjs.org/jquery/-/jquery-2.1.0.tgz"},"_from":".","_npmVersion":"1.3.21","_npmUser":{"name":"jquery","email":"npm@jquery.org"},"maintainers":[{"name":"jquery","email":"npm@jquery.org"}],"directories":{}},"2.1.1-beta1":{"name":"jquery","title":"jQuery","description":"JavaScript library for DOM operations","version":"2.1.1-beta1","main":"dist/jquery.js","homepage":"http://jquery.com","author":{"name":"jQuery Foundation and other contributors","url":"https://github.com/jquery/jquery/blob/2.1.1-beta1/AUTHORS.txt"},"repository":{"type":"git","url":"https://github.com/jquery/jquery.git"},"keywords":["jquery","javascript","library"],"bugs":{"url":"http://bugs.jquery.com"},"licenses":[{"type":"MIT","url":"https://github.com/jquery/jquery/blob/2.1.1-beta1/MIT-LICENSE.txt"}],"dependencies":{},"devDependencies":{"commitplease":"1.7.0","grunt":"0.4.2","grunt-bowercopy":"0.7.1","grunt-cli":"0.1.13","grunt-compare-size":"0.4.0","grunt-contrib-jshint":"0.8.0","grunt-contrib-uglify":"0.3.2","grunt-contrib-watch":"0.5.3","grunt-git-authors":"1.2.0","grunt-jscs-checker":"0.3.2","grunt-jsonlint":"1.0.4","gzip-js":"0.3.2","load-grunt-tasks":"0.3.0","requirejs":"2.1.10","testswarm":"1.1.0"},"scripts":{"build":"npm install && grunt","start":"grunt watch","test":"grunt"},"_id":"jquery@2.1.1-beta1","dist":{"shasum":"6306c8ea1d104775f3ef8f5c26f0a32acd710a11","tarball":"http://registry.npmjs.org/jquery/-/jquery-2.1.1-beta1.tgz"},"_from":".","_npmVersion":"1.4.6","_npmUser":{"name":"m_gol","email":"m.goleb@gmail.com"},"maintainers":[{"name":"jquery","email":"npm@jquery.com"},{"name":"dmethvin","email":"dave.methvin@gmail.com"},{"name":"scott.gonzalez","email":"scott.gonzalez@gmail.com"},{"name":"m_gol","email":"m.goleb@gmail.com"}],"directories":{}},"1.11.1-beta1":{"name":"jquery","title":"jQuery","description":"JavaScript library for DOM operations","version":"1.11.1-beta1","main":"dist/jquery.js","homepage":"http://jquery.com","author":{"name":"jQuery Foundation and other contributors","url":"https://github.com/jquery/jquery/blob/1.11.1-beta1/AUTHORS.txt"},"repository":{"type":"git","url":"https://github.com/jquery/jquery.git"},"keywords":["jquery","javascript","library"],"bugs":{"url":"http://bugs.jquery.com"},"licenses":[{"type":"MIT","url":"https://github.com/jquery/jquery/blob/1.11.1-beta1/MIT-LICENSE.txt"}],"dependencies":{},"devDependencies":{"commitplease":"1.7.0","grunt":"0.4.2","grunt-bowercopy":"0.7.1","grunt-cli":"0.1.13","grunt-compare-size":"0.4.0","grunt-contrib-jshint":"0.8.0","grunt-contrib-uglify":"0.3.2","grunt-contrib-watch":"0.5.3","grunt-git-authors":"1.2.0","grunt-jscs-checker":"0.3.2","grunt-jsonlint":"1.0.4","gzip-js":"0.3.2","load-grunt-tasks":"0.3.0","requirejs":"2.1.10","testswarm":"1.1.0"},"scripts":{"build":"npm install && grunt","start":"grunt watch","test":"grunt"},"_id":"jquery@1.11.1-beta1","dist":{"shasum":"c7eacde5e1ae06e029f1cd1b2dd444953a33e843","tarball":"http://registry.npmjs.org/jquery/-/jquery-1.11.1-beta1.tgz"},"_from":".","_npmVersion":"1.4.6","_npmUser":{"name":"m_gol","email":"m.goleb@gmail.com"},"maintainers":[{"name":"jquery","email":"npm@jquery.com"},{"name":"dmethvin","email":"dave.methvin@gmail.com"},{"name":"scott.gonzalez","email":"scott.gonzalez@gmail.com"},{"name":"m_gol","email":"m.goleb@gmail.com"}],"directories":{}},"2.1.1-rc1":{"name":"jquery","title":"jQuery","description":"JavaScript library for DOM operations","version":"2.1.1-rc1","main":"dist/jquery.js","homepage":"http://jquery.com","author":{"name":"jQuery Foundation and other contributors","url":"https://github.com/jquery/jquery/blob/2.1.1-rc1/AUTHORS.txt"},"repository":{"type":"git","url":"https://github.com/jquery/jquery.git"},"keywords":["jquery","javascript","library"],"bugs":{"url":"http://bugs.jquery.com"},"licenses":[{"type":"MIT","url":"https://github.com/jquery/jquery/blob/2.1.1-rc1/MIT-LICENSE.txt"}],"dependencies":{},"devDependencies":{"commitplease":"1.7.0","grunt":"0.4.2","grunt-bowercopy":"0.7.1","grunt-cli":"0.1.13","grunt-compare-size":"0.4.0","grunt-contrib-jshint":"0.8.0","grunt-contrib-uglify":"0.3.2","grunt-contrib-watch":"0.5.3","grunt-git-authors":"1.2.0","grunt-jscs-checker":"0.4.1","grunt-jsonlint":"1.0.4","gzip-js":"0.3.2","load-grunt-tasks":"0.3.0","requirejs":"2.1.10","testswarm":"1.1.0"},"scripts":{"build":"npm install && grunt","start":"grunt watch","test":"grunt"},"_id":"jquery@2.1.1-rc1","_shasum":"95c494fdbbd0cefc305260e11ad46ae49a387c3d","_from":".","_npmVersion":"1.4.7","_npmUser":{"name":"m_gol","email":"m.goleb@gmail.com"},"maintainers":[{"name":"dmethvin","email":"dave.methvin@gmail.com"},{"name":"scott.gonzalez","email":"scott.gonzalez@gmail.com"},{"name":"m_gol","email":"m.goleb@gmail.com"}],"dist":{"shasum":"95c494fdbbd0cefc305260e11ad46ae49a387c3d","tarball":"http://registry.npmjs.org/jquery/-/jquery-2.1.1-rc1.tgz"},"directories":{}},"1.11.1-rc1":{"name":"jquery","title":"jQuery","description":"JavaScript library for DOM operations","version":"1.11.1-rc1","main":"dist/jquery.js","homepage":"http://jquery.com","author":{"name":"jQuery Foundation and other contributors","url":"https://github.com/jquery/jquery/blob/1.11.1-rc1/AUTHORS.txt"},"repository":{"type":"git","url":"https://github.com/jquery/jquery.git"},"keywords":["jquery","javascript","library"],"bugs":{"url":"http://bugs.jquery.com"},"licenses":[{"type":"MIT","url":"https://github.com/jquery/jquery/blob/1.11.1-rc1/MIT-LICENSE.txt"}],"dependencies":{},"devDependencies":{"commitplease":"1.7.0","grunt":"0.4.2","grunt-bowercopy":"0.7.1","grunt-cli":"0.1.13","grunt-compare-size":"0.4.0","grunt-contrib-jshint":"0.8.0","grunt-contrib-uglify":"0.3.2","grunt-contrib-watch":"0.5.3","grunt-git-authors":"1.2.0","grunt-jscs-checker":"0.4.1","grunt-jsonlint":"1.0.4","gzip-js":"0.3.2","load-grunt-tasks":"0.3.0","requirejs":"2.1.10","testswarm":"1.1.0"},"scripts":{"build":"npm install && grunt","start":"grunt watch","test":"grunt"},"_id":"jquery@1.11.1-rc1","_shasum":"666a7df02488b48732d96e8ab9bdd34f61dd4238","_from":".","_npmVersion":"1.4.7","_npmUser":{"name":"m_gol","email":"m.goleb@gmail.com"},"maintainers":[{"name":"dmethvin","email":"dave.methvin@gmail.com"},{"name":"scott.gonzalez","email":"scott.gonzalez@gmail.com"},{"name":"m_gol","email":"m.goleb@gmail.com"}],"dist":{"shasum":"666a7df02488b48732d96e8ab9bdd34f61dd4238","tarball":"http://registry.npmjs.org/jquery/-/jquery-1.11.1-rc1.tgz"},"directories":{}},"2.1.1-rc2":{"name":"jquery","title":"jQuery","description":"JavaScript library for DOM operations","version":"2.1.1-rc2","main":"dist/jquery.js","homepage":"http://jquery.com","author":{"name":"jQuery Foundation and other contributors","url":"https://github.com/jquery/jquery/blob/2.1.1-rc2/AUTHORS.txt"},"repository":{"type":"git","url":"https://github.com/jquery/jquery.git"},"keywords":["jquery","javascript","library"],"bugs":{"url":"http://bugs.jquery.com"},"licenses":[{"type":"MIT","url":"https://github.com/jquery/jquery/blob/2.1.1-rc2/MIT-LICENSE.txt"}],"dependencies":{},"devDependencies":{"commitplease":"1.7.0","grunt":"0.4.2","grunt-bowercopy":"0.7.1","grunt-cli":"0.1.13","grunt-compare-size":"0.4.0","grunt-contrib-jshint":"0.8.0","grunt-contrib-uglify":"0.3.2","grunt-contrib-watch":"0.5.3","grunt-git-authors":"1.2.0","grunt-jscs-checker":"0.4.1","grunt-jsonlint":"1.0.4","gzip-js":"0.3.2","load-grunt-tasks":"0.3.0","requirejs":"2.1.10","testswarm":"1.1.0"},"scripts":{"build":"npm install && grunt","start":"grunt watch","test":"grunt"},"_id":"jquery@2.1.1-rc2","dist":{"shasum":"99833e415efa7ac8a4efecc5df6894b2f938a598","tarball":"http://registry.npmjs.org/jquery/-/jquery-2.1.1-rc2.tgz"},"_from":".","_npmVersion":"1.2.25","_npmUser":{"name":"dmethvin","email":"dave.methvin@gmail.com"},"maintainers":[{"name":"dmethvin","email":"dave.methvin@gmail.com"},{"name":"scott.gonzalez","email":"scott.gonzalez@gmail.com"},{"name":"m_gol","email":"m.goleb@gmail.com"}],"directories":{}},"1.11.1-rc2":{"name":"jquery","title":"jQuery","description":"JavaScript library for DOM operations","version":"1.11.1-rc2","main":"dist/jquery.js","homepage":"http://jquery.com","author":{"name":"jQuery Foundation and other contributors","url":"https://github.com/jquery/jquery/blob/1.11.1-rc2/AUTHORS.txt"},"repository":{"type":"git","url":"https://github.com/jquery/jquery.git"},"keywords":["jquery","javascript","library"],"bugs":{"url":"http://bugs.jquery.com"},"licenses":[{"type":"MIT","url":"https://github.com/jquery/jquery/blob/1.11.1-rc2/MIT-LICENSE.txt"}],"dependencies":{},"devDependencies":{"commitplease":"1.7.0","grunt":"0.4.2","grunt-bowercopy":"0.7.1","grunt-cli":"0.1.13","grunt-compare-size":"0.4.0","grunt-contrib-jshint":"0.8.0","grunt-contrib-uglify":"0.3.2","grunt-contrib-watch":"0.5.3","grunt-git-authors":"1.2.0","grunt-jscs-checker":"0.4.1","grunt-jsonlint":"1.0.4","gzip-js":"0.3.2","load-grunt-tasks":"0.3.0","requirejs":"2.1.10","testswarm":"1.1.0"},"scripts":{"build":"npm install && grunt","start":"grunt watch","test":"grunt"},"_id":"jquery@1.11.1-rc2","dist":{"shasum":"a4ef3edde0864d8524c5e72f59c459fd7a9ebd17","tarball":"http://registry.npmjs.org/jquery/-/jquery-1.11.1-rc2.tgz"},"_from":".","_npmVersion":"1.2.25","_npmUser":{"name":"dmethvin","email":"dave.methvin@gmail.com"},"maintainers":[{"name":"dmethvin","email":"dave.methvin@gmail.com"},{"name":"scott.gonzalez","email":"scott.gonzalez@gmail.com"},{"name":"m_gol","email":"m.goleb@gmail.com"}],"directories":{}},"2.1.1":{"name":"jquery","title":"jQuery","description":"JavaScript library for DOM operations","version":"2.1.1","main":"dist/jquery.js","homepage":"http://jquery.com","author":{"name":"jQuery Foundation and other contributors","url":"https://github.com/jquery/jquery/blob/2.1.1/AUTHORS.txt"},"repository":{"type":"git","url":"https://github.com/jquery/jquery.git"},"keywords":["jquery","javascript","browser","library"],"bugs":{"url":"http://bugs.jquery.com"},"licenses":[{"type":"MIT","url":"https://github.com/jquery/jquery/blob/2.1.1/MIT-LICENSE.txt"}],"dependencies":{},"devDependencies":{"commitplease":"1.7.0","grunt":"0.4.2","grunt-bowercopy":"0.7.1","grunt-cli":"0.1.13","grunt-compare-size":"0.4.0","grunt-contrib-jshint":"0.8.0","grunt-contrib-uglify":"0.3.2","grunt-contrib-watch":"0.5.3","grunt-git-authors":"1.2.0","grunt-jscs-checker":"0.4.1","grunt-jsonlint":"1.0.4","gzip-js":"0.3.2","load-grunt-tasks":"0.3.0","requirejs":"2.1.10","testswarm":"1.1.0"},"scripts":{"build":"npm install && grunt","start":"grunt watch","test":"grunt"},"_id":"jquery@2.1.1","dist":{"shasum":"828fc60f50f7ee5983363ef4eb01c5f70af4bd5b","tarball":"http://registry.npmjs.org/jquery/-/jquery-2.1.1.tgz"},"_from":".","_npmVersion":"1.2.25","_npmUser":{"name":"dmethvin","email":"dave.methvin@gmail.com"},"maintainers":[{"name":"dmethvin","email":"dave.methvin@gmail.com"},{"name":"scott.gonzalez","email":"scott.gonzalez@gmail.com"},{"name":"m_gol","email":"m.goleb@gmail.com"}],"directories":{}},"1.11.1":{"name":"jquery","title":"jQuery","description":"JavaScript library for DOM operations","version":"1.11.1","main":"dist/jquery.js","homepage":"http://jquery.com","author":{"name":"jQuery Foundation and other contributors","url":"https://github.com/jquery/jquery/blob/1.11.1/AUTHORS.txt"},"repository":{"type":"git","url":"https://github.com/jquery/jquery.git"},"keywords":["jquery","javascript","browser","library"],"bugs":{"url":"http://bugs.jquery.com"},"licenses":[{"type":"MIT","url":"https://github.com/jquery/jquery/blob/1.11.1/MIT-LICENSE.txt"}],"dependencies":{},"devDependencies":{"commitplease":"1.7.0","grunt":"0.4.2","grunt-bowercopy":"0.7.1","grunt-cli":"0.1.13","grunt-compare-size":"0.4.0","grunt-contrib-jshint":"0.8.0","grunt-contrib-uglify":"0.3.2","grunt-contrib-watch":"0.5.3","grunt-git-authors":"1.2.0","grunt-jscs-checker":"0.4.1","grunt-jsonlint":"1.0.4","gzip-js":"0.3.2","load-grunt-tasks":"0.3.0","requirejs":"2.1.10","testswarm":"1.1.0"},"scripts":{"build":"npm install && grunt","start":"grunt watch","test":"grunt"},"_id":"jquery@1.11.1","dist":{"shasum":"b6ec928590112ebed69e1e49cbfd0025ccd60ddb","tarball":"http://registry.npmjs.org/jquery/-/jquery-1.11.1.tgz"},"_from":".","_npmVersion":"1.2.25","_npmUser":{"name":"dmethvin","email":"dave.methvin@gmail.com"},"maintainers":[{"name":"dmethvin","email":"dave.methvin@gmail.com"},{"name":"scott.gonzalez","email":"scott.gonzalez@gmail.com"},{"name":"m_gol","email":"m.goleb@gmail.com"}],"directories":{}},"1.9.1":{"name":"jquery","title":"jQuery","description":"JavaScript library for DOM operations","version":"1.9.1","homepage":"http://jquery.com","author":{"name":"jQuery Foundation and other contributors","url":"https://github.com/jquery/jquery/blob/master/AUTHORS.txt"},"repository":{"type":"git","url":"https://github.com/jquery/jquery.git"},"bugs":{"url":"http://bugs.jquery.com"},"licenses":[{"type":"MIT","url":"https://github.com/jquery/jquery/blob/master/MIT-LICENSE.txt"}],"scripts":{"test":"grunt"},"dependencies":{},"devDependencies":{"grunt-compare-size":"~0.3.0","grunt-git-authors":"~1.1.0","grunt-update-submodules":"~0.2.0","grunt-contrib-watch":"~0.1.1","grunt-contrib-jshint":"~0.1.1","grunt-contrib-uglify":"~0.1.1","grunt":"~0.4.0","testswarm":"0.2.2"},"keywords":[],"gitHead":"d71f6a53927ad02d728503385d15539b73d21ac8","_id":"jquery@1.9.1","_shasum":"e4cd4835faaefbade535857613c0fc3ff2adaf34","_from":".","_npmVersion":"1.5.0-alpha-1","_npmUser":{"name":"timmywil","email":"timmywillisn@gmail.com"},"maintainers":[{"name":"dmethvin","email":"dave.methvin@gmail.com"},{"name":"scott.gonzalez","email":"scott.gonzalez@gmail.com"},{"name":"m_gol","email":"m.goleb@gmail.com"},{"name":"timmywil","email":"timmywillisn@gmail.com"}],"dist":{"shasum":"e4cd4835faaefbade535857613c0fc3ff2adaf34","tarball":"http://registry.npmjs.org/jquery/-/jquery-1.9.1.tgz"},"directories":{}},"2.1.2":{"name":"jquery","title":"jQuery","description":"JavaScript library for DOM operations","version":"2.1.2","main":"dist/jquery.js","homepage":"http://jquery.com","author":{"name":"jQuery Foundation and other contributors","url":"https://github.com/jquery/jquery/blob/2.1.2/AUTHORS.txt"},"repository":{"type":"git","url":"https://github.com/jquery/jquery.git"},"keywords":["jquery","javascript","browser","library"],"bugs":{"url":"http://bugs.jquery.com"},"licenses":[{"type":"MIT","url":"https://github.com/jquery/jquery/blob/2.1.2/MIT-LICENSE.txt"}],"dependencies":{},"devDependencies":{"commitplease":"1.7.0","grunt":"0.4.2","grunt-bowercopy":"0.7.1","grunt-cli":"0.1.13","grunt-compare-size":"0.4.0","grunt-contrib-jshint":"0.8.0","grunt-contrib-uglify":"0.3.2","grunt-contrib-watch":"0.5.3","grunt-git-authors":"1.2.0","grunt-jscs-checker":"0.4.1","grunt-jsonlint":"1.0.4","gzip-js":"0.3.2","load-grunt-tasks":"0.3.0","requirejs":"2.1.10","testswarm":"1.1.0"},"scripts":{"build":"npm install && grunt","start":"grunt watch","test":"grunt"},"gitHead":"a04f5ff9795fd6292117563623db44cf3f875868","_id":"jquery@2.1.2","_shasum":"b68f154cb2ea4731924883e9fe20ec199d1dc1e2","_from":".","_npmVersion":"1.4.28","_npmUser":{"name":"dmethvin","email":"dave.methvin@gmail.com"},"maintainers":[{"name":"dmethvin","email":"dave.methvin@gmail.com"},{"name":"scott.gonzalez","email":"scott.gonzalez@gmail.com"},{"name":"m_gol","email":"m.goleb@gmail.com"},{"name":"timmywil","email":"timmywillisn@gmail.com"}],"dist":{"shasum":"b68f154cb2ea4731924883e9fe20ec199d1dc1e2","tarball":"http://registry.npmjs.org/jquery/-/jquery-2.1.2.tgz"},"directories":{}},"1.11.2":{"name":"jquery","title":"jQuery","description":"JavaScript library for DOM operations","version":"1.11.2","main":"dist/jquery.js","homepage":"http://jquery.com","author":{"name":"jQuery Foundation and other contributors","url":"https://github.com/jquery/jquery/blob/1.11.2/AUTHORS.txt"},"repository":{"type":"git","url":"https://github.com/jquery/jquery.git"},"keywords":["jquery","javascript","browser","library"],"bugs":{"url":"http://bugs.jquery.com"},"licenses":[{"type":"MIT","url":"https://github.com/jquery/jquery/blob/1.11.2/MIT-LICENSE.txt"}],"dependencies":{},"devDependencies":{"commitplease":"2.0.0","grunt":"0.4.2","grunt-bowercopy":"0.7.1","grunt-cli":"0.1.13","grunt-compare-size":"0.4.0","grunt-contrib-jshint":"0.8.0","grunt-contrib-uglify":"0.3.2","grunt-contrib-watch":"0.5.3","grunt-git-authors":"1.2.0","grunt-jscs-checker":"0.4.1","grunt-jsonlint":"1.0.4","gzip-js":"0.3.2","load-grunt-tasks":"0.3.0","requirejs":"2.1.10","testswarm":"1.1.0"},"scripts":{"build":"npm install && grunt","start":"grunt watch","test":"grunt"},"gitHead":"9690801db01709bfbff5f977d07fb7cc14472908","_id":"jquery@1.11.2","_shasum":"30ab26857211c37caa83da0f6903155fe49bb72d","_from":".","_npmVersion":"1.4.28","_npmUser":{"name":"dmethvin","email":"dave.methvin@gmail.com"},"maintainers":[{"name":"dmethvin","email":"dave.methvin@gmail.com"},{"name":"scott.gonzalez","email":"scott.gonzalez@gmail.com"},{"name":"m_gol","email":"m.goleb@gmail.com"},{"name":"timmywil","email":"timmywillisn@gmail.com"}],"dist":{"shasum":"30ab26857211c37caa83da0f6903155fe49bb72d","tarball":"http://registry.npmjs.org/jquery/-/jquery-1.11.2.tgz"},"directories":{}},"2.1.3":{"name":"jquery","title":"jQuery","description":"JavaScript library for DOM operations","version":"2.1.3","main":"dist/jquery.js","homepage":"http://jquery.com","author":{"name":"jQuery Foundation and other contributors","url":"https://github.com/jquery/jquery/blob/2.1.3/AUTHORS.txt"},"repository":{"type":"git","url":"https://github.com/jquery/jquery.git"},"keywords":["jquery","javascript","browser","library"],"bugs":{"url":"http://bugs.jquery.com"},"licenses":[{"type":"MIT","url":"https://github.com/jquery/jquery/blob/2.1.3/MIT-LICENSE.txt"}],"dependencies":{},"devDependencies":{"commitplease":"2.0.0","grunt":"0.4.2","grunt-bowercopy":"0.7.1","grunt-cli":"0.1.13","grunt-compare-size":"0.4.0","grunt-contrib-jshint":"0.8.0","grunt-contrib-uglify":"0.3.2","grunt-contrib-watch":"0.5.3","grunt-git-authors":"1.2.0","grunt-jscs-checker":"0.4.1","grunt-jsonlint":"1.0.4","gzip-js":"0.3.2","jsdom":"1.5.0","load-grunt-tasks":"0.3.0","requirejs":"2.1.10","testswarm":"1.1.0"},"scripts":{"build":"npm install && grunt","start":"grunt watch","test":"grunt"},"gitHead":"8f2a9d9272d6ed7f32d3a484740ab342c02541e0","_id":"jquery@2.1.3","_shasum":"6ec55204673d505d39432c5bf5cfad10e1dbad2e","_from":".","_npmVersion":"2.1.14","_nodeVersion":"0.11.14","_npmUser":{"name":"m_gol","email":"m.goleb@gmail.com"},"maintainers":[{"name":"dmethvin","email":"dave.methvin@gmail.com"},{"name":"scott.gonzalez","email":"scott.gonzalez@gmail.com"},{"name":"m_gol","email":"m.goleb@gmail.com"},{"name":"timmywil","email":"timmywillisn@gmail.com"}],"dist":{"shasum":"6ec55204673d505d39432c5bf5cfad10e1dbad2e","tarball":"http://registry.npmjs.org/jquery/-/jquery-2.1.3.tgz"},"directories":{}},"2.1.4":{"name":"jquery","title":"jQuery","description":"JavaScript library for DOM operations","version":"2.1.4","main":"dist/jquery.js","homepage":"http://jquery.com","author":{"name":"jQuery Foundation and other contributors","url":"https://github.com/jquery/jquery/blob/2.1.4/AUTHORS.txt"},"repository":{"type":"git","url":"https://github.com/jquery/jquery.git"},"keywords":["jquery","javascript","browser","library"],"bugs":{"url":"http://bugs.jquery.com"},"licenses":[{"type":"MIT","url":"https://github.com/jquery/jquery/blob/2.1.4/MIT-LICENSE.txt"}],"dependencies":{},"devDependencies":{"commitplease":"2.0.0","grunt":"0.4.2","grunt-bowercopy":"0.7.1","grunt-cli":"0.1.13","grunt-compare-size":"0.4.0","grunt-contrib-jshint":"0.8.0","grunt-contrib-uglify":"0.3.2","grunt-contrib-watch":"0.5.3","grunt-git-authors":"1.2.0","grunt-jscs-checker":"0.4.1","grunt-jsonlint":"1.0.4","gzip-js":"0.3.2","jsdom":"1.5.0","load-grunt-tasks":"0.3.0","requirejs":"2.1.10","testswarm":"1.1.0"},"scripts":{"build":"npm install && grunt","start":"grunt watch","test":"grunt"},"gitHead":"7751e69b615c6eca6f783a81e292a55725af6b85","_id":"jquery@2.1.4","_shasum":"228bde698a0c61431dc2630a6a154f15890d2317","_from":".","_npmVersion":"2.7.4","_nodeVersion":"0.12.2","_npmUser":{"name":"timmywil","email":"timmywillisn@gmail.com"},"maintainers":[{"name":"dmethvin","email":"dave.methvin@gmail.com"},{"name":"scott.gonzalez","email":"scott.gonzalez@gmail.com"},{"name":"m_gol","email":"m.goleb@gmail.com"},{"name":"timmywil","email":"timmywillisn@gmail.com"}],"dist":{"shasum":"228bde698a0c61431dc2630a6a154f15890d2317","tarball":"http://registry.npmjs.org/jquery/-/jquery-2.1.4.tgz"},"directories":{}},"1.11.3":{"name":"jquery","title":"jQuery","description":"JavaScript library for DOM operations","version":"1.11.3","main":"dist/jquery.js","homepage":"http://jquery.com","author":{"name":"jQuery Foundation and other contributors","url":"https://github.com/jquery/jquery/blob/1.11.3/AUTHORS.txt"},"repository":{"type":"git","url":"https://github.com/jquery/jquery.git"},"keywords":["jquery","javascript","browser","library"],"bugs":{"url":"http://bugs.jquery.com"},"licenses":[{"type":"MIT","url":"https://github.com/jquery/jquery/blob/1.11.3/MIT-LICENSE.txt"}],"dependencies":{},"devDependencies":{"commitplease":"2.0.0","grunt":"0.4.2","grunt-bowercopy":"0.7.1","grunt-cli":"0.1.13","grunt-compare-size":"0.4.0","grunt-contrib-jshint":"0.8.0","grunt-contrib-uglify":"0.3.2","grunt-contrib-watch":"0.5.3","grunt-git-authors":"1.2.0","grunt-jscs-checker":"0.4.1","grunt-jsonlint":"1.0.4","gzip-js":"0.3.2","load-grunt-tasks":"0.3.0","requirejs":"2.1.10","testswarm":"1.1.0"},"scripts":{"build":"npm install && grunt","start":"grunt watch","test":"grunt"},"gitHead":"1472290917f17af05e98007136096784f9051fab","_id":"jquery@1.11.3","_shasum":"dd8b74278b27102d29df63eae28308a8cfa1b583","_from":".","_npmVersion":"2.7.4","_nodeVersion":"0.12.2","_npmUser":{"name":"timmywil","email":"timmywillisn@gmail.com"},"maintainers":[{"name":"dmethvin","email":"dave.methvin@gmail.com"},{"name":"scott.gonzalez","email":"scott.gonzalez@gmail.com"},{"name":"m_gol","email":"m.goleb@gmail.com"},{"name":"timmywil","email":"timmywillisn@gmail.com"}],"dist":{"shasum":"dd8b74278b27102d29df63eae28308a8cfa1b583","tarball":"http://registry.npmjs.org/jquery/-/jquery-1.11.3.tgz"},"directories":{}},"3.0.0-alpha1":{"name":"jquery","title":"jQuery","description":"JavaScript library for DOM operations","version":"3.0.0-alpha1","main":"dist/jquery.js","homepage":"http://jquery.com","author":{"name":"jQuery Foundation and other contributors","url":"https://github.com/jquery/jquery/blob/3.0.0-alpha1/AUTHORS.txt"},"repository":{"type":"git","url":"git+https://github.com/jquery/jquery.git"},"keywords":["jquery","javascript","browser","library"],"bugs":{"url":"https://github.com/jquery/jquery/issues"},"license":"MIT","dependencies":{},"devDependencies":{"commitplease":"2.0.0","core-js":"0.9.17","grunt":"0.4.5","grunt-babel":"5.0.1","grunt-cli":"0.1.13","grunt-compare-size":"0.4.0","grunt-contrib-jshint":"0.11.2","grunt-contrib-uglify":"0.7.0","grunt-contrib-watch":"0.6.1","grunt-git-authors":"2.0.1","grunt-jscs-checker":"0.8.1","grunt-jsonlint":"1.0.4","grunt-npmcopy":"0.1.0","gzip-js":"0.3.2","load-grunt-tasks":"1.0.0","native-promise-only":"0.7.8-a","promises-aplus-tests":"2.1.0","q":"1.1.2","qunitjs":"1.17.1","requirejs":"2.1.17","sinon":"1.10.3","sizzle":"2.2.0","testswarm":"1.1.0","win-spawn":"2.0.0"},"jsdomVersions":{"node":"3.1.2","iojs":"5.3.0"},"scripts":{"build":"npm install && grunt","start":"grunt watch","test":"grunt && grunt test"},"commitplease":{"components":["Docs","Tests","Build","Release","Core","Ajax","Attributes","Callbacks","CSS","Data","Deferred","Dimensions","Effects","Event","Manipulation","Offset","Queue","Selector","Serialize","Traversing","Wrap"]},"gitHead":"2c92869b752bb8e0fe74c3183f40f3f58b7b906d","_id":"jquery@3.0.0-alpha1","_shasum":"3493d672266e21c2dffb2714f935448edebe3c62","_from":".","_npmVersion":"2.11.3","_nodeVersion":"0.12.7","_npmUser":{"name":"timmywil","email":"timmywillisn@gmail.com"},"maintainers":[{"name":"dmethvin","email":"dave.methvin@gmail.com"},{"name":"scott.gonzalez","email":"scott.gonzalez@gmail.com"},{"name":"m_gol","email":"m.goleb@gmail.com"},{"name":"timmywil","email":"timmywillisn@gmail.com"}],"dist":{"shasum":"3493d672266e21c2dffb2714f935448edebe3c62","tarball":"http://registry.npmjs.org/jquery/-/jquery-3.0.0-alpha1.tgz"},"directories":{}}},"maintainers":[{"name":"dmethvin","email":"dave.methvin@gmail.com"},{"name":"scott.gonzalez","email":"scott.gonzalez@gmail.com"},{"name":"m_gol","email":"m.goleb@gmail.com"},{"name":"timmywil","email":"timmywillisn@gmail.com"}],"time":{"modified":"2015-07-13T19:26:37.913Z","created":"2011-03-19T07:19:56.392Z","1.5.1":"2011-03-19T07:19:56.956Z","1.6.2":"2011-07-06T16:13:21.519Z","1.6.3":"2011-09-12T19:05:34.373Z","1.7.2":"2012-05-01T11:14:09.090Z","1.7.3":"2012-07-01T16:11:53.194Z","1.8.2":"2012-11-11T22:43:58.910Z","1.8.3":"2012-12-01T00:03:02.297Z","2.1.0-beta2":"2013-11-15T16:34:48.859Z","2.1.0-beta3":"2013-12-20T22:53:28.426Z","1.11.0-beta3":"2014-01-06T19:57:22.387Z","2.1.0-rc1":"2014-01-17T22:47:16.391Z","1.11.0-pre":"2014-01-16T20:38:42.912Z","1.11.0-rc1":"2014-01-16T21:08:36.924Z","1.11.0":"2014-01-23T21:07:07.184Z","2.1.0":"2014-01-23T21:12:47.772Z","2.1.1-beta1":"2014-03-24T17:05:07.581Z","1.11.1-beta1":"2014-03-24T17:25:14.236Z","2.1.1-rc1":"2014-04-18T15:29:41.423Z","1.11.1-rc1":"2014-04-18T15:40:23.931Z","2.1.1-rc2":"2014-04-21T20:52:06.866Z","1.11.1-rc2":"2014-04-21T21:12:52.817Z","2.1.1":"2014-05-01T17:15:20.164Z","1.11.1":"2014-05-01T18:05:32.863Z","1.9.1":"2014-07-17T22:01:17.886Z","2.1.2":"2014-12-17T14:14:28.184Z","1.11.2":"2014-12-17T16:07:07.647Z","2.1.3":"2014-12-18T15:18:38.205Z","2.1.4":"2015-04-28T16:17:13.648Z","1.11.3":"2015-04-28T16:22:06.378Z","3.0.0-alpha1":"2015-07-13T19:26:37.913Z"},"author":{"name":"jQuery Foundation and other contributors","url":"https://github.com/jquery/jquery/blob/2.1.4/AUTHORS.txt"},"users":{"dodo":true,"fgribreau":true,"parroit":true,"cedx":true,"m_gol":true,"feross":true,"bendiken":true,"funroll":true,"inancgumus":true,"jkcpr":true,"magemagic":true,"davidbaiguini":true,"shen-weizhong":true,"oroce":true,"beth_rogers465":true,"leobalter":true,"frk1705":true,"victorcastelan":true,"skinnybrit51":true,"tommyjs7":true,"xanderiel":true,"arturmuller":true,"lukecarrier":true,"bjlxj_2008":true,"kmck":true,"jesus81":true,"rpgreen":true,"vsn4ik":true,"gabrielsanterre":true,"adswebwork":true,"abuelwafa":true,"karlitowhoelse":true,"mhat":true,"tektimmy":true,"modest":true,"rgraves90":true,"alexandermac":true,"adamk":true,"nitayneeman":true,"haeck":true,"pnevares":true,"hal9zillion":true,"j3kz":true,"wambulance":true,"jostw":true,"sahilsk":true,"broxmgs":true,"jimster305":true,"csbun":true,"isis97":true,"simplyianm":true,"fatelei":true,"trotyl":true,"chengsu":true,"orlenka":true,"mr_eaze":true,"jmm23":true,"ackuser":true,"tfentonz":true,"ftornik":true,"onheiron":true,"jgreeley":true,"sedmonds":true,"cycomachead":true,"duchenerc":true,"damianof":true,"sergiodxa":true,"rhythm19":true,"piotrd":true,"buzuli":true,"mugifly":true,"cypark":true,"wkaifang":true,"jeffb_incontact":true,"zenrumi":true,"seaseng":true,"vishwasc":true,"matthewbauer":true,"paroczi":true,"joshbruce":true,"joaocunha":true,"sky3r":true,"knoja4":true,"hughker":true,"xgqfrms":true,"meligatt":true,"hasanabb":true,"nickeltobias":true,"kimhoe":true,"ovgu12":true,"ibourgeois":true,"pherum":true,"gluten":true,"frankxin":true,"hentai_mew":true},"repository":{"type":"git","url":"https://github.com/jquery/jquery.git"},"readme":"[jQuery](http://jquery.com/) - New Wave JavaScript\n==================================================\n\nContribution Guides\n--------------------------------------\n\nIn the spirit of open source software development, jQuery always encourages community code contribution. To help you get started and before you jump into writing code, be sure to read these important contribution guidelines thoroughly:\n\n1. [Getting Involved](http://contribute.jquery.org/)\n2. [Core Style Guide](http://contribute.jquery.org/style-guide/js/)\n3. [Writing Code for jQuery Foundation Projects](http://contribute.jquery.org/code/)\n\n\nEnvironments in which to use jQuery\n--------------------------------------\n\n- [Browser support](http://jquery.com/browser-support/) differs between the master (2.x) branch and the 1.x-master branch. Specifically, 2.x does not support legacy browsers such as IE6-8. The jQuery team continues to provide support for legacy browsers on the 1.x-master branch. Use the latest 1.x release if support for those browsers is required. See [browser support](http://jquery.com/browser-support/) for more info.\n- To use jQuery in Node, browser extensions, and other non-browser environments, use only **2.x** releases. 1.x does not support these environments.\n\n\nWhat you need to build your own jQuery\n--------------------------------------\n\nIn order to build jQuery, you need to have Node.js/npm latest and git 1.7 or later.\n(Earlier versions might work OK, but are not tested.)\n\nFor Windows you have to download and install [git](http://git-scm.com/downloads) and [Node.js](http://nodejs.org/download/).\n\nMac OS users should install [Homebrew](http://mxcl.github.com/homebrew/). Once Homebrew is installed, run `brew install git` to install git,\nand `brew install node` to install Node.js.\n\nLinux/BSD users should use their appropriate package managers to install git and Node.js, or build from source\nif you swing that way. Easy-peasy.\n\n\nHow to build your own jQuery\n----------------------------\n\nClone a copy of the main jQuery git repo by running:\n\n```bash\ngit clone git://github.com/jquery/jquery.git\n```\n\nEnter the jquery directory and run the build script:\n```bash\ncd jquery && npm run build\n```\nThe built version of jQuery will be put in the `dist/` subdirectory, along with the minified copy and associated map file.\n\nIf you want create custom build or help with jQuery development, it would be better to install [grunt command line interface](https://github.com/gruntjs/grunt-cli) as a global package:\n\n```\nnpm install -g grunt-cli\n```\nMake sure you have `grunt` installed by testing:\n```\ngrunt -v\n```\n\nNow by running `grunt` command, in the jquery directory, you could build full version of jQuery, just like with `npm run build` command:\n```\ngrunt\n```\n\nThere are many other tasks available for jQuery Core:\n```\ngrunt -help\n```\n\n### Modules\n\nSpecial builds can be created that exclude subsets of jQuery functionality.\nThis allows for smaller custom builds when the builder is certain that those parts of jQuery are not being used.\nFor example, an app that only used JSONP for `$.ajax()` and did not need to calculate offsets or positions of elements could exclude the offset and ajax/xhr modules.\n\nAny module may be excluded except for `core`, and `selector`. To exclude a module, pass its path relative to the `src` folder (without the `.js` extension).\n\nSome example modules that can be excluded are:\n\n- **ajax**: All AJAX functionality: `$.ajax()`, `$.get()`, `$.post()`, `$.ajaxSetup()`, `.load()`, transports, and ajax event shorthands such as `.ajaxStart()`.\n- **ajax/xhr**: The XMLHTTPRequest AJAX transport only.\n- **ajax/script**: The `<script>` AJAX transport only; used to retrieve scripts.\n- **ajax/jsonp**: The JSONP AJAX transport only; depends on the ajax/script transport.\n- **css**: The `.css()` method plus non-animated `.show()`, `.hide()` and `.toggle()`. Also removes **all** modules depending on css (including **effects**, **dimensions**, and **offset**).\n- **deprecated**: Methods documented as deprecated but not yet removed; currently only `.andSelf()`.\n- **dimensions**: The `.width()` and `.height()` methods, including `inner-` and `outer-` variations.\n- **effects**: The `.animate()` method and its shorthands such as `.slideUp()` or `.hide(\"slow\")`.\n- **event**: The `.on()` and `.off()` methods and all event functionality. Also removes `event/alias`.\n- **event/alias**: All event attaching/triggering shorthands like `.click()` or `.mouseover()`.\n- **offset**: The `.offset()`, `.position()`, `.offsetParent()`, `.scrollLeft()`, and `.scrollTop()` methods.\n- **wrap**: The `.wrap()`, `.wrapAll()`, `.wrapInner()`, and `.unwrap()` methods.\n- **core/ready**: Exclude the ready module if you place your scripts at the end of the body. Any ready callbacks bound with `jQuery()` will simply be called immediately. However, `jQuery(document).ready()` will not be a function and `.on(\"ready\", ...)` or similar will not be triggered.\n- **deferred**: Exclude jQuery.Deferred. This also removes jQuery.Callbacks. *Note* that modules that depend on jQuery.Deferred(AJAX, effects, core/ready) will not be removed and will still expect jQuery.Deferred to be there. Include your own jQuery.Deferred implementation or exclude those modules as well (`grunt custom:-deferred,-ajax,-effects,-core/ready`).\n- **exports/global**: Exclude the attachment of global jQuery variables ($ and jQuery) to the window.\n- **exports/amd**: Exclude the AMD definition.\n\nAs a special case, you may also replace Sizzle by using a special flag `grunt custom:-sizzle`.\n\n- **sizzle**: The Sizzle selector engine. When this module is excluded, it is replaced by a rudimentary selector engine based on the browser's `querySelectorAll` method that does not support jQuery selector extensions or enhanced semantics. See the selector-native.js file for details.\n\n*Note*: Excluding Sizzle will also exclude all jQuery selector extensions (such as `effects/animatedSelector` and `css/hiddenVisibleSelectors`).\n\nThe build process shows a message for each dependent module it excludes or includes.\n\n##### AMD name\n\nAs an option, you can set the module name for jQuery's AMD definition. By default, it is set to \"jquery\", which plays nicely with plugins and third-party libraries, but there may be cases where you'd like to change this. Simply set the `\"amd\"` option:\n\n```bash\ngrunt custom --amd=\"custom-name\"\n```\n\nOr, to define anonymously, set the name to an empty string.\n\n```bash\ngrunt custom --amd=\"\"\n```\n\n#### Custom Build Examples\n\nTo create a custom build of the latest stable version, first check out the version:\n\n```bash\ngit pull; git checkout $(git describe --abbrev=0 --tags)\n```\n\nThen, make sure all Node dependencies are installed:\n\n```bash\nnpm install\n```\n\nCreate the custom build using the `grunt custom` option, listing the modules to be excluded.\n\nExclude all **ajax** functionality:\n\n```bash\ngrunt custom:-ajax\n```\n\nExcluding **css** removes modules depending on CSS: **effects**, **offset**, **dimensions**.\n\n```bash\ngrunt custom:-css\n```\n\nExclude a bunch of modules:\n\n```bash\ngrunt custom:-ajax,-css,-deprecated,-dimensions,-effects,-event/alias,-offset,-wrap\n```\n\nFor questions or requests regarding custom builds, please start a thread on the [Developing jQuery Core](https://forum.jquery.com/developing-jquery-core) section of the forum. Due to the combinatorics and custom nature of these builds, they are not regularly tested in jQuery's unit test process. The non-Sizzle selector engine currently does not pass unit tests because it is missing too much essential functionality.\n\nRunning the Unit Tests\n--------------------------------------\n\nMake sure you have the necessary dependencies:\n\n```bash\nnpm install\n```\n\nStart `grunt watch` or `npm start` to auto-build jQuery as you work:\n\n```bash\ncd jquery && grunt watch\n```\n\n\nRun the unit tests with a local server that supports PHP. Ensure that you run the site from the root directory, not the \"test\" directory. No database is required. Pre-configured php local servers are available for Windows and Mac. Here are some options:\n\n- Windows: [WAMP download](http://www.wampserver.com/en/)\n- Mac: [MAMP download](http://www.mamp.info/en/index.html)\n- Linux: [Setting up LAMP](https://www.linux.com/learn/tutorials/288158-easy-lamp-server-installation)\n- [Mongoose (most platforms)](http://code.google.com/p/mongoose/)\n\n\n\n\nBuilding to a different directory\n---------------------------------\n\nTo copy the built jQuery files from `/dist` to another directory:\n\n```bash\ngrunt && grunt dist:/path/to/special/location/\n```\nWith this example, the output files would be:\n\n```bash\n/path/to/special/location/jquery.js\n/path/to/special/location/jquery.min.js\n```\n\nTo add a permanent copy destination, create a file in `dist/` called \".destination.json\". Inside the file, paste and customize the following:\n\n```json\n\n{\n  \"/Absolute/path/to/other/destination\": true\n}\n```\n\nAdditionally, both methods can be combined.\n\n\n\nEssential Git\n-------------\n\nAs the source code is handled by the Git version control system, it's useful to know some features used.\n\n### Cleaning ###\n\nIf you want to purge your working directory back to the status of upstream, following commands can be used (remember everything you've worked on is gone after these):\n\n```bash\ngit reset --hard upstream/master\ngit clean -fdx\n```\n\n### Rebasing ###\n\nFor feature/topic branches, you should always use the `--rebase` flag to `git pull`, or if you are usually handling many temporary \"to be in a github pull request\" branches, run following to automate this:\n\n```bash\ngit config branch.autosetuprebase local\n```\n(see `man git-config` for more information)\n\n### Handling merge conflicts ###\n\nIf you're getting merge conflicts when merging, instead of editing the conflicted files manually, you can use the feature\n`git mergetool`. Even though the default tool `xxdiff` looks awful/old, it's rather useful.\n\nFollowing are some commands that can be used there:\n\n* `Ctrl + Alt + M` - automerge as much as possible\n* `b` - jump to next merge conflict\n* `s` - change the order of the conflicted lines\n* `u` - undo a merge\n* `left mouse button` - mark a block to be the winner\n* `middle mouse button` - mark a line to be the winner\n* `Ctrl + S` - save\n* `Ctrl + Q` - quit\n\n[QUnit](http://api.qunitjs.com) Reference\n-----------------\n\n### Test methods ###\n\n```js\nexpect( numAssertions );\nstop();\nstart();\n```\n\n\nNote: QUnit's eventual addition of an argument to stop/start is ignored in this test suite so that start and stop can be passed as callbacks without worrying about their parameters\n\n### Test assertions ###\n\n\n```js\nok( value, [message] );\nequal( actual, expected, [message] );\nnotEqual( actual, expected, [message] );\ndeepEqual( actual, expected, [message] );\nnotDeepEqual( actual, expected, [message] );\nstrictEqual( actual, expected, [message] );\nnotStrictEqual( actual, expected, [message] );\nthrows( block, [expected], [message] );\n```\n\n\nTest Suite Convenience Methods Reference (See [test/data/testinit.js](https://github.com/jquery/jquery/blob/master/test/data/testinit.js))\n------------------------------\n\n### Returns an array of elements with the given IDs ###\n\n```js\nq( ... );\n```\n\nExample:\n\n```js\nq(\"main\", \"foo\", \"bar\");\n\n=> [ div#main, span#foo, input#bar ]\n```\n\n### Asserts that a selection matches the given IDs ###\n\n```js\nt( testName, selector, [ \"array\", \"of\", \"ids\" ] );\n```\n\nExample:\n\n```js\nt(\"Check for something\", \"//[a]\", [\"foo\", \"baar\"]);\n```\n\n\n\n### Fires a native DOM event without going through jQuery ###\n\n```js\nfireNative( node, eventType )\n```\n\nExample:\n\n```js\nfireNative( jQuery(\"#elem\")[0], \"click\" );\n```\n\n### Add random number to url to stop caching ###\n\n```js\nurl( \"some/url.php\" );\n```\n\nExample:\n\n```js\nurl(\"data/test.html\");\n\n=> \"data/test.html?10538358428943\"\n\n\nurl(\"data/test.php?foo=bar\");\n\n=> \"data/test.php?foo=bar&10538358345554\"\n```\n\n\n### Load tests in an iframe ###\n\nLoads a given page constructing a url with fileName: `\"./data/\" + fileName + \".html\"`\nand fires the given callback on jQuery ready (using the jQuery loading from that page)\nand passes the iFrame's jQuery to the callback.\n\n```js\ntestIframe( fileName, testName, callback );\n```\n\nCallback arguments:\n\n```js\ncallback( jQueryFromIFrame, iFrameWindow, iFrameDocument );\n```\n\n### Load tests in an iframe (window.iframeCallback) ###\n\nLoads a given page constructing a url with fileName: `\"./data/\" + fileName + \".html\"`\nThe given callback is fired when window.iframeCallback is called by the page.\nThe arguments passed to the callback are the same as the\narguments passed to window.iframeCallback, whatever that may be\n\n```js\ntestIframeWithCallback( testName, fileName, callback );\n```\n\nQuestions?\n----------\n\nIf you have any questions, please feel free to ask on the\n[Developing jQuery Core forum](http://forum.jquery.com/developing-jquery-core) or in #jquery on irc.freenode.net.\n","readmeFilename":"README.md","homepage":"http://jquery.com","keywords":["jquery","javascript","browser","library"],"bugs":{"url":"http://bugs.jquery.com"},"_attachments":{},"_etag":"\"D2FHAEA9IW0N5X33POHAHK8HE\""}