{"*":{"editor":{"showIndentGuide":true,"fontFamily":"Menlo","invisibles":{},"softWrapAtPreferredLineLength":true,"fontSize":13},"core":{"ignoredNames":[".bundle",".git","log","repositories","tmp","vendor"],"themes":["unity-ui","glacier-syntax"],"hideGitIgnoredFiles":true,"disabledPackages":["background-tips","exception-reporting","metrics"]},"spell-check":{"grammars":["text.plain","source.gfm","text.git-commit"]},"welcome":{"showOnStartup":false},"release-notes":{"viewedVersion":"0.89.0"},"autocomplete-elixir":{}}}