{".source.ruby, .source.ruby.rails":{"it":{"prefix":"it","body":"it \"should $1\" do\n  $2\nend"},"describe":{"prefix":"describe","body":"describe \"when $1\" do\n  $2\nend"},"class":{"prefix":"class","body":"class ${1:ClassName}\n  ${2:#code}\nend"},"model":{"prefix":"model","body":"class ${1:User} ${2:< ${3:ActiveRecord::Base}}\n  ${4:# lot of code :D}\nend"},"controller":{"prefix":"controller","body":"class ${1:Users}Controller < ApplicationController\n  ${2:# lot of controller code :D}\nend"},"module":{"prefix":"module","body":"module ${1:ModuleName}\n  ${2:#code}\nend"},"concern":{"prefix":"concern","body":"module ${1:ConcernName}\n  extend ActiveSupport::Concern\n  ${3:included do\n    ${2:# code ...}\n  end}\n\n  # instance methods go here\n  ${4:# def instance_method\n  #\n  # end}\n\n  module ClassMethods\n    # static methods go here\n    ${5:# def static_method\n    #\n    # end}\n  end\nend"},"do_block":{"prefix":" do","body":" do ${2:|${1:member}|}\n  $3\nend"},"each block":{"prefix":".each","body":".each do |${1:member}|\n  ${2:#code...}\nend $3"},"each do":{"prefix":".e","body":".each do |${1:member}|\n  ${2:#code...}\nend $3"},"each_with_index":{"prefix":".ewi","body":".each_with_index do |${1:member}, ${2:index}|\n  ${3:#code...}\nend $4"},"logger_info":{"prefix":"li","body":"logger.info $1"},"update_attribute":{"prefix":".ua","body":".update_attribute :${1:attribute}, \"${2:new value}\""},"update_attributes":{"prefix":".uas","body":".update_attributes(\n  ${1:attribute}: \"${2:value1}\",\n  ${3:attribute_2}: \"${4:value2}\"\n)"},"else statement":{"prefix":"else","body":"elsif ${1:true}"},"elsif else statement":{"prefix":"elsee","body":"elsif ${1:true}\n  ${2:#code}\nelse"},"array_iteration":{"prefix":"=loop","body":"${1:array}.each do |${2:member}|\n  $3\nend"},"find":{"prefix":".f","body":".find(${1:params[:id]})$2"},"find_by_attribute":{"prefix":".fb","body":".find_by_${1:name}(${2:params[:${3:${1:name}}]})$4"},"def":{"prefix":"def","body":"def ${1:method}\n  ${2:#code}\nend"}}}