{"fileTypes":["html.eex"],"foldingStartMarker":"(?x)\n\t\t(<(?i:head|body|table|thead|tbody|tfoot|tr|div|select|fieldset|style|script|ul|ol|form|dl)\\b.*?>\n\t\t|<!--(?!.*-->)\n\t\t|\\{\\s*($|\\?>\\s*$|//|/\\*(.*\\*/\\s*$|(?!.*?\\*/)))\n\t\t)","foldingStopMarker":"(?x)\n\t\t(</(?i:head|body|table|thead|tbody|tfoot|tr|div|select|fieldset|style|script|ul|ol|form|dl)>\n\t\t|^\\s*-->\n\t\t|(^|\\s)\\}\n\t\t)","name":"HTML (EEx)","patterns":[{"include":"text.elixir"},{"include":"text.html.basic"}],"scopeName":"text.html.elixir"}