{"digest":"c84518d2fdf3ce145777bc0beb66964e1e8412ff","css":".tree-view-resizer {\n  position: relative;\n  height: 100%;\n  overflow: hidden;\n  cursor: default;\n  -webkit-user-select: none;\n  min-width: 100px;\n  width: 200px;\n  z-index: 2;\n}\n.tree-view-resizer .tree-view-resize-handle {\n  position: absolute;\n  top: 0;\n  bottom: 0;\n  width: 10px;\n  cursor: col-resize;\n  z-index: 3;\n}\n.tree-view-resizer[data-show-on-right-side='true'] .tree-view-resize-handle {\n  left: -5px;\n}\n.tree-view-resizer[data-show-on-right-side='false'] .tree-view-resize-handle {\n  right: -5px;\n}\n.tree-view-scroller {\n  height: 100%;\n  width: 100%;\n  overflow: auto;\n}\n.tree-view {\n  min-width: -webkit-min-content;\n  min-height: 100%;\n  padding-left: 5px;\n  padding-right: 10px;\n  position: relative;\n}\n.tree-view .header {\n  position: relative;\n}\n.tree-view .list-tree {\n  position: static;\n}\n.tree-view .entry:before {\n  content: '';\n  position: absolute;\n}\n.platform-win32 .tree-view-resizer .tree-view-resize-handle {\n  cursor: ew-resize;\n}\n","imports":[{"path":"static/variables/ui-variables.less","digest":"3b703d5c8511c09d0cc2c851f9099d683e6d2176"},{"path":"static/variables/syntax-variables.less","digest":"812c1b7883a023f768773d14294653adcdb932d7"},{"path":"node_modules/atom-dark-ui/styles/ui-variables.less","digest":"16ff91226d75eee2b1f50109fe01fd7b9aa586c9"}],"version":1}