{"digest":"7843074dd162b61c7fc9ff62d55eccfbfcdb78d5","css":".deprecation-cop-status .icon.icon-alert:before {\n  width: 17px;\n}\n.deprecation-cop {\n  overflow: auto;\n  -webkit-flex: 1;\n  background-color: #333333 !important;\n}\n.deprecation-cop .deprecation-overview:after {\n  content: '';\n  clear: both;\n  display: block;\n}\n.deprecation-cop .deprecation-info {\n  padding: 0 10px;\n}\n.deprecation-cop .deprecation-info:hover {\n  background-color: #4182c4 !important;\n}\n.deprecation-cop .deprecation-detail.list-item {\n  white-space: normal;\n  clear: both;\n}\n.deprecation-cop .deprecation-detail.list-item .deprecation-message {\n  padding: 5px 0 5px 28px;\n  line-height: 1.4;\n  font-size: 11px;\n}\n.deprecation-cop .deprecation-detail.list-item .deprecation-message p:last-child {\n  margin-bottom: 0;\n}\n.deprecation-cop .deprecation-detail.list-item .icon-alert {\n  margin-top: 5px;\n  float: left;\n}\n.deprecation-cop .collapsed > ul {\n  display: none;\n}\n.deprecation-cop .list {\n  list-style-type: none;\n  padding: 0;\n}\n.deprecation-cop .stack-trace {\n  background-color: #1d1f21;\n  padding: 10px;\n  margin-bottom: 10px;\n}\n.deprecation-cop a {\n  color: #ffffff;\n}\n","imports":[{"path":"static/variables/ui-variables.less","digest":"3b703d5c8511c09d0cc2c851f9099d683e6d2176"},{"path":"static/variables/syntax-variables.less","digest":"812c1b7883a023f768773d14294653adcdb932d7"},{"path":"node_modules/atom-dark-ui/styles/ui-variables.less","digest":"16ff91226d75eee2b1f50109fe01fd7b9aa586c9"}],"version":1}