{"_id":"grim","_rev":"73-697e6ecb6d3da1ed490339699d1f7f53","name":"grim","description":"Log usage of deprecated methods","dist-tags":{"latest":"1.5.0"},"versions":{"0.0.0":{"name":"grim","version":"0.0.0","description":"Log usage of deprecated methods","main":"./lib/grim","scripts":{"prepublish":"grunt clean lint coffee","test":"grunt test"},"repository":{"type":"git","url":"https://github.com/atom/grim.git"},"bugs":{"url":"https://github.com/atom/grim/issues"},"licenses":[{"type":"MIT","url":"http://github.com/atom/grim/raw/master/LICENSE.md"}],"dependencies":{},"devDependencies":{"coffee-script":"^1.7.0","jasmine-focused":"^1.0.4","grunt-contrib-coffee":"^0.9.0","grunt-cli":"^0.1.8","grunt":"^0.4.1","grunt-shell":"^0.2.2","grunt-coffeelint":"^0.0.6","rimraf":"^2.2.2","coffee-cache":"^0.2.0","temp":"^0.6.0"},"_id":"grim@0.0.0","dist":{"shasum":"d915da55af58229d41bf6851dd807fe672a4f54f","tarball":"http://registry.npmjs.org/grim/-/grim-0.0.0.tgz"},"_from":".","_npmVersion":"1.3.11","_npmUser":{"name":"probablycorey","email":"probablycorey@gmail.com"},"maintainers":[{"name":"probablycorey","email":"probablycorey@gmail.com"}],"directories":{}},"0.1.0":{"name":"grim","version":"0.1.0","description":"Log usage of deprecated methods","main":"./lib/grim","scripts":{"prepublish":"grunt clean lint coffee","test":"grunt test"},"repository":{"type":"git","url":"https://github.com/atom/grim.git"},"bugs":{"url":"https://github.com/atom/grim/issues"},"licenses":[{"type":"MIT","url":"http://github.com/atom/grim/raw/master/LICENSE.md"}],"dependencies":{},"devDependencies":{"coffee-script":"^1.7.0","jasmine-focused":"^1.0.4","grunt-contrib-coffee":"^0.9.0","grunt-cli":"^0.1.8","grunt":"^0.4.1","grunt-shell":"^0.2.2","grunt-coffeelint":"^0.0.6","rimraf":"^2.2.2","coffee-cache":"^0.2.0","temp":"^0.6.0"},"_id":"grim@0.1.0","dist":{"shasum":"da6ee2d7a1d1466cb2f17c3efc271a9dcfb9a213","tarball":"http://registry.npmjs.org/grim/-/grim-0.1.0.tgz"},"_from":".","_npmVersion":"1.3.11","_npmUser":{"name":"probablycorey","email":"probablycorey@gmail.com"},"maintainers":[{"name":"probablycorey","email":"probablycorey@gmail.com"}],"directories":{}},"0.2.0":{"name":"grim","version":"0.2.0","description":"Log usage of deprecated methods","main":"./lib/grim","scripts":{"prepublish":"grunt clean lint coffee","test":"grunt test"},"repository":{"type":"git","url":"https://github.com/atom/grim.git"},"bugs":{"url":"https://github.com/atom/grim/issues"},"licenses":[{"type":"MIT","url":"http://github.com/atom/grim/raw/master/LICENSE.md"}],"dependencies":{},"devDependencies":{"coffee-script":"^1.7.0","jasmine-focused":"^1.0.4","grunt-contrib-coffee":"^0.9.0","grunt-cli":"^0.1.8","grunt":"^0.4.1","grunt-shell":"^0.2.2","grunt-coffeelint":"^0.0.6","rimraf":"^2.2.2","coffee-cache":"^0.2.0","temp":"^0.6.0"},"_id":"grim@0.2.0","dist":{"shasum":"a5af7d54ea2adba64c8eaead301152300aba2b10","tarball":"http://registry.npmjs.org/grim/-/grim-0.2.0.tgz"},"_from":".","_npmVersion":"1.3.11","_npmUser":{"name":"probablycorey","email":"probablycorey@gmail.com"},"maintainers":[{"name":"probablycorey","email":"probablycorey@gmail.com"}],"directories":{}},"0.4.0":{"name":"grim","version":"0.4.0","description":"Log usage of deprecated methods","main":"./lib/grim","scripts":{"prepublish":"grunt clean lint coffee","test":"grunt test"},"repository":{"type":"git","url":"https://github.com/atom/grim.git"},"bugs":{"url":"https://github.com/atom/grim/issues"},"licenses":[{"type":"MIT","url":"http://github.com/atom/grim/raw/master/LICENSE.md"}],"dependencies":{"underscore-plus":"^1.0.0"},"devDependencies":{"coffee-script":"^1.7.0","jasmine-focused":"^1.0.4","grunt-contrib-coffee":"^0.9.0","grunt-cli":"^0.1.8","grunt":"^0.4.1","grunt-shell":"^0.2.2","grunt-coffeelint":"^0.0.6","rimraf":"^2.2.2","coffee-cache":"^0.2.0","temp":"^0.6.0"},"_id":"grim@0.4.0","dist":{"shasum":"4e6eafb0b62ec2fba177c3ec1447630382c1d382","tarball":"http://registry.npmjs.org/grim/-/grim-0.4.0.tgz"},"_from":".","_npmVersion":"1.3.11","_npmUser":{"name":"probablycorey","email":"probablycorey@gmail.com"},"maintainers":[{"name":"probablycorey","email":"probablycorey@gmail.com"}],"directories":{}},"0.6.0":{"name":"grim","version":"0.6.0","description":"Log usage of deprecated methods","main":"./lib/grim","scripts":{"prepublish":"grunt clean lint coffee","test":"grunt test"},"repository":{"type":"git","url":"https://github.com/atom/grim.git"},"bugs":{"url":"https://github.com/atom/grim/issues"},"licenses":[{"type":"MIT","url":"http://github.com/atom/grim/raw/master/LICENSE.md"}],"dependencies":{"underscore-plus":"^1.0.0"},"devDependencies":{"coffee-script":"^1.7.0","jasmine-focused":"^1.0.4","grunt-contrib-coffee":"^0.9.0","grunt-cli":"^0.1.8","grunt":"^0.4.1","grunt-shell":"^0.2.2","grunt-coffeelint":"^0.0.6","rimraf":"^2.2.2","coffee-cache":"^0.2.0","temp":"^0.6.0"},"_id":"grim@0.6.0","dist":{"shasum":"d8c301e2dfe18ac9595bf4feedbc862249ef8465","tarball":"http://registry.npmjs.org/grim/-/grim-0.6.0.tgz"},"_from":".","_npmVersion":"1.3.11","_npmUser":{"name":"probablycorey","email":"probablycorey@gmail.com"},"maintainers":[{"name":"probablycorey","email":"probablycorey@gmail.com"}],"directories":{}},"0.7.0":{"name":"grim","version":"0.7.0","description":"Log usage of deprecated methods","main":"./lib/grim","scripts":{"prepublish":"grunt clean lint coffee","test":"grunt test"},"repository":{"type":"git","url":"https://github.com/atom/grim.git"},"bugs":{"url":"https://github.com/atom/grim/issues"},"licenses":[{"type":"MIT","url":"http://github.com/atom/grim/raw/master/LICENSE.md"}],"dependencies":{"underscore-plus":"^1.0.0"},"devDependencies":{"coffee-script":"^1.7.0","jasmine-focused":"^1.0.4","grunt-contrib-coffee":"^0.9.0","grunt-cli":"^0.1.8","grunt":"^0.4.1","grunt-shell":"^0.2.2","grunt-coffeelint":"^0.0.6","rimraf":"^2.2.2","coffee-cache":"^0.2.0","temp":"^0.6.0"},"_id":"grim@0.7.0","dist":{"shasum":"c509c13902a120e8149c55138309d8fdf88ac6d6","tarball":"http://registry.npmjs.org/grim/-/grim-0.7.0.tgz"},"_from":".","_npmVersion":"1.3.11","_npmUser":{"name":"probablycorey","email":"probablycorey@gmail.com"},"maintainers":[{"name":"probablycorey","email":"probablycorey@gmail.com"}],"directories":{}},"0.8.0":{"name":"grim","version":"0.8.0","description":"Log usage of deprecated methods","main":"./lib/grim","scripts":{"prepublish":"grunt clean lint coffee","test":"grunt test"},"repository":{"type":"git","url":"https://github.com/atom/grim.git"},"bugs":{"url":"https://github.com/atom/grim/issues"},"licenses":[{"type":"MIT","url":"http://github.com/atom/grim/raw/master/LICENSE.md"}],"dependencies":{"underscore-plus":"^1.0.0","emissary":"^1.2.0"},"devDependencies":{"coffee-script":"^1.7.0","jasmine-focused":"^1.0.4","grunt-contrib-coffee":"^0.9.0","grunt-cli":"^0.1.8","grunt":"^0.4.1","grunt-shell":"^0.2.2","grunt-coffeelint":"^0.0.6","rimraf":"^2.2.2","coffee-cache":"^0.2.0","temp":"^0.6.0"},"_id":"grim@0.8.0","dist":{"shasum":"9f6b2b229cf537827a8ef2c1942a98cd6df41b0d","tarball":"http://registry.npmjs.org/grim/-/grim-0.8.0.tgz"},"_from":".","_npmVersion":"1.3.11","_npmUser":{"name":"probablycorey","email":"probablycorey@gmail.com"},"maintainers":[{"name":"probablycorey","email":"probablycorey@gmail.com"}],"directories":{}},"0.9.0":{"name":"grim","version":"0.9.0","description":"Log usage of deprecated methods","main":"./lib/grim","scripts":{"prepublish":"grunt clean lint coffee","test":"grunt test"},"repository":{"type":"git","url":"https://github.com/atom/grim.git"},"bugs":{"url":"https://github.com/atom/grim/issues"},"licenses":[{"type":"MIT","url":"http://github.com/atom/grim/raw/master/LICENSE.md"}],"dependencies":{"underscore-plus":"^1.0.0","emissary":"^1.2.0"},"devDependencies":{"coffee-script":"^1.7.0","jasmine-focused":"^1.0.4","grunt-contrib-coffee":"^0.9.0","grunt-cli":"^0.1.8","grunt":"^0.4.1","grunt-shell":"^0.2.2","grunt-coffeelint":"^0.0.6","rimraf":"^2.2.2","coffee-cache":"^0.2.0","temp":"^0.6.0"},"_id":"grim@0.9.0","dist":{"shasum":"8271990398c43f14601f1d5b05c8bf701db45ac9","tarball":"http://registry.npmjs.org/grim/-/grim-0.9.0.tgz"},"_from":".","_npmVersion":"1.3.11","_npmUser":{"name":"probablycorey","email":"probablycorey@gmail.com"},"maintainers":[{"name":"probablycorey","email":"probablycorey@gmail.com"}],"directories":{}},"0.10.0":{"name":"grim","version":"0.10.0","description":"Log usage of deprecated methods","main":"./lib/grim","scripts":{"prepublish":"grunt clean lint coffee","test":"grunt test"},"repository":{"type":"git","url":"https://github.com/atom/grim.git"},"bugs":{"url":"https://github.com/atom/grim/issues"},"licenses":[{"type":"MIT","url":"http://github.com/atom/grim/raw/master/LICENSE.md"}],"dependencies":{"underscore-plus":"^1.0.0","emissary":"^1.2.0"},"devDependencies":{"coffee-script":"^1.7.0","jasmine-focused":"^1.0.4","grunt-contrib-coffee":"^0.9.0","grunt-cli":"^0.1.8","grunt":"^0.4.1","grunt-shell":"^0.2.2","grunt-coffeelint":"^0.0.6","rimraf":"^2.2.2","coffee-cache":"^0.2.0","temp":"^0.6.0"},"homepage":"https://github.com/atom/grim","_id":"grim@0.10.0","dist":{"shasum":"85e6f7c51c78952761e087a55fe273fdc87c6a71","tarball":"http://registry.npmjs.org/grim/-/grim-0.10.0.tgz"},"_from":".","_npmVersion":"1.3.25","_npmUser":{"name":"probablycorey","email":"probablycorey@gmail.com"},"maintainers":[{"name":"probablycorey","email":"probablycorey@gmail.com"}],"directories":{}},"0.11.0":{"name":"grim","version":"0.11.0","description":"Log usage of deprecated methods","main":"./lib/grim","scripts":{"prepublish":"grunt clean lint coffee","test":"grunt test"},"repository":{"type":"git","url":"https://github.com/atom/grim.git"},"bugs":{"url":"https://github.com/atom/grim/issues"},"licenses":[{"type":"MIT","url":"http://github.com/atom/grim/raw/master/LICENSE.md"}],"dependencies":{"underscore-plus":"^1.0.0","emissary":"^1.2.0"},"devDependencies":{"coffee-script":"^1.7.0","jasmine-focused":"^1.0.4","grunt-contrib-coffee":"^0.9.0","grunt-cli":"^0.1.8","grunt":"^0.4.1","grunt-shell":"^0.2.2","grunt-coffeelint":"^0.0.6","rimraf":"^2.2.2","coffee-cache":"^0.2.0","temp":"^0.6.0"},"homepage":"https://github.com/atom/grim","_id":"grim@0.11.0","_shasum":"e203674bbe5fb62ae8301f191606df578e529b90","_from":".","_npmVersion":"1.4.9","_npmUser":{"name":"probablycorey","email":"probablycorey@gmail.com"},"maintainers":[{"name":"probablycorey","email":"probablycorey@gmail.com"}],"dist":{"shasum":"e203674bbe5fb62ae8301f191606df578e529b90","tarball":"http://registry.npmjs.org/grim/-/grim-0.11.0.tgz"},"directories":{}},"0.12.0":{"name":"grim","version":"0.12.0","description":"Log usage of deprecated methods","main":"./lib/grim","scripts":{"prepublish":"grunt clean lint coffee","test":"grunt test"},"repository":{"type":"git","url":"https://github.com/atom/grim.git"},"bugs":{"url":"https://github.com/atom/grim/issues"},"licenses":[{"type":"MIT","url":"http://github.com/atom/grim/raw/master/LICENSE.md"}],"dependencies":{"underscore-plus":"^1.0.0","emissary":"^1.2.0"},"devDependencies":{"coffee-script":"^1.7.0","jasmine-focused":"^1.0.4","grunt-contrib-coffee":"^0.9.0","grunt-cli":"^0.1.8","grunt":"^0.4.1","grunt-shell":"^0.2.2","grunt-coffeelint":"^0.0.6","rimraf":"^2.2.2","coffee-cache":"^0.2.0","temp":"^0.6.0"},"gitHead":"c24f22a7e415d5d6b695967e341f7fb7aa27d83f","homepage":"https://github.com/atom/grim","_id":"grim@0.12.0","_shasum":"86d4ea11bf57b960688c624878bdc126fe4b7d1b","_from":".","_npmVersion":"1.4.23","_npmUser":{"name":"benogle","email":"ogle.ben@gmail.com"},"maintainers":[{"name":"probablycorey","email":"probablycorey@gmail.com"},{"name":"benogle","email":"ogle.ben@gmail.com"},{"name":"kevinsawicki","email":"kevinsawicki@gmail.com"},{"name":"nathansobo","email":"nathan@github.com"}],"dist":{"shasum":"86d4ea11bf57b960688c624878bdc126fe4b7d1b","tarball":"http://registry.npmjs.org/grim/-/grim-0.12.0.tgz"},"directories":{}},"0.13.0":{"name":"grim","version":"0.13.0","description":"Log usage of deprecated methods","main":"./lib/grim","scripts":{"prepublish":"grunt clean lint coffee","test":"grunt test"},"repository":{"type":"git","url":"https://github.com/atom/grim.git"},"bugs":{"url":"https://github.com/atom/grim/issues"},"licenses":[{"type":"MIT","url":"http://github.com/atom/grim/raw/master/LICENSE.md"}],"dependencies":{"coffeestack":"^0.7.0","emissary":"^1.2.0","underscore-plus":"^1.0.0"},"devDependencies":{"coffee-script":"^1.7.0","jasmine-focused":"^1.0.4","grunt-contrib-coffee":"^0.9.0","grunt-cli":"^0.1.8","grunt":"^0.4.1","grunt-shell":"^0.2.2","grunt-coffeelint":"^0.0.6","rimraf":"^2.2.2","coffee-cache":"^0.2.0","temp":"^0.6.0"},"gitHead":"76eefa6fec31db8f573ed69f3312e4fa81d54b39","homepage":"https://github.com/atom/grim","_id":"grim@0.13.0","_shasum":"80557ca22e2294c8765eec8b349bc1da5b36c821","_from":".","_npmVersion":"1.4.28","_npmUser":{"name":"nathansobo","email":"nathan@github.com"},"maintainers":[{"name":"probablycorey","email":"probablycorey@gmail.com"},{"name":"benogle","email":"ogle.ben@gmail.com"},{"name":"kevinsawicki","email":"kevinsawicki@gmail.com"},{"name":"nathansobo","email":"nathan@github.com"}],"dist":{"shasum":"80557ca22e2294c8765eec8b349bc1da5b36c821","tarball":"http://registry.npmjs.org/grim/-/grim-0.13.0.tgz"},"directories":{}},"1.0.0":{"name":"grim","version":"1.0.0","description":"Log usage of deprecated methods","main":"./lib/grim","scripts":{"prepublish":"grunt clean lint coffee","test":"grunt test"},"repository":{"type":"git","url":"https://github.com/atom/grim.git"},"bugs":{"url":"https://github.com/atom/grim/issues"},"licenses":[{"type":"MIT","url":"http://github.com/atom/grim/raw/master/LICENSE.md"}],"dependencies":{"coffeestack":"^0.7.0","emissary":"^1.2.0","underscore-plus":"^1.0.0"},"devDependencies":{"coffee-script":"^1.7.0","jasmine-focused":"^1.0.4","grunt-contrib-coffee":"^0.9.0","grunt-cli":"^0.1.8","grunt":"^0.4.1","grunt-shell":"^0.2.2","grunt-coffeelint":"^0.0.6","rimraf":"^2.2.2","coffee-cache":"^0.2.0","temp":"^0.6.0"},"gitHead":"aebdddfbc62015ed943de3e144b06eb4cd849555","homepage":"https://github.com/atom/grim","_id":"grim@1.0.0","_shasum":"70281a77942fcf217b1aac3a7db90cbe9d1ceecf","_from":".","_npmVersion":"1.4.28","_npmUser":{"name":"nathansobo","email":"nathan@github.com"},"maintainers":[{"name":"probablycorey","email":"probablycorey@gmail.com"},{"name":"benogle","email":"ogle.ben@gmail.com"},{"name":"kevinsawicki","email":"kevinsawicki@gmail.com"},{"name":"nathansobo","email":"nathan@github.com"}],"dist":{"shasum":"70281a77942fcf217b1aac3a7db90cbe9d1ceecf","tarball":"http://registry.npmjs.org/grim/-/grim-1.0.0.tgz"},"directories":{}},"1.1.0":{"name":"grim","version":"1.1.0","description":"Log usage of deprecated methods","main":"./lib/grim","scripts":{"prepublish":"grunt clean lint coffee","test":"grunt test"},"repository":{"type":"git","url":"https://github.com/atom/grim.git"},"bugs":{"url":"https://github.com/atom/grim/issues"},"licenses":[{"type":"MIT","url":"http://github.com/atom/grim/raw/master/LICENSE.md"}],"dependencies":{"coffeestack":"^0.7.0","emissary":"^1.2.0","underscore-plus":"^1.0.0"},"devDependencies":{"coffee-script":"^1.7.0","jasmine-focused":"^1.0.4","grunt-contrib-coffee":"^0.9.0","grunt-cli":"^0.1.8","grunt":"^0.4.1","grunt-shell":"^0.2.2","grunt-coffeelint":"^0.0.6","rimraf":"^2.2.2","coffee-cache":"^0.2.0","temp":"^0.6.0"},"gitHead":"16c8bb826982d22801bfc56ea953c6ea7478ea1d","homepage":"https://github.com/atom/grim","_id":"grim@1.1.0","_shasum":"10d9518f9b48f73d358917dd7d21cf11d614c47c","_from":".","_npmVersion":"1.4.28","_npmUser":{"name":"nathansobo","email":"nathan@github.com"},"maintainers":[{"name":"probablycorey","email":"probablycorey@gmail.com"},{"name":"benogle","email":"ogle.ben@gmail.com"},{"name":"kevinsawicki","email":"kevinsawicki@gmail.com"},{"name":"nathansobo","email":"nathan@github.com"}],"dist":{"shasum":"10d9518f9b48f73d358917dd7d21cf11d614c47c","tarball":"http://registry.npmjs.org/grim/-/grim-1.1.0.tgz"},"directories":{}},"1.1.1":{"name":"grim","version":"1.1.1","description":"Log usage of deprecated methods","main":"./lib/grim","scripts":{"prepublish":"grunt clean lint coffee","test":"grunt test"},"repository":{"type":"git","url":"https://github.com/atom/grim.git"},"bugs":{"url":"https://github.com/atom/grim/issues"},"licenses":[{"type":"MIT","url":"http://github.com/atom/grim/raw/master/LICENSE.md"}],"dependencies":{"coffeestack":"^0.8.0","emissary":"^1.2.0","underscore-plus":"^1.0.0"},"devDependencies":{"coffee-script":"^1.7.0","jasmine-focused":"^1.0.4","grunt-contrib-coffee":"^0.9.0","grunt-cli":"^0.1.8","grunt":"^0.4.1","grunt-shell":"^0.2.2","grunt-coffeelint":"^0.0.6","rimraf":"^2.2.2","coffee-cache":"^0.2.0","temp":"^0.6.0"},"gitHead":"b2e0f708ed9de1470dc268f41bc0d30a698b3fbe","homepage":"https://github.com/atom/grim","_id":"grim@1.1.1","_shasum":"8f1c88789664d9f29fc5d2bef03cfa5bd5da0941","_from":".","_npmVersion":"1.4.28","_npmUser":{"name":"kevinsawicki","email":"kevinsawicki@gmail.com"},"maintainers":[{"name":"probablycorey","email":"probablycorey@gmail.com"},{"name":"benogle","email":"ogle.ben@gmail.com"},{"name":"kevinsawicki","email":"kevinsawicki@gmail.com"},{"name":"nathansobo","email":"nathan@github.com"}],"dist":{"shasum":"8f1c88789664d9f29fc5d2bef03cfa5bd5da0941","tarball":"http://registry.npmjs.org/grim/-/grim-1.1.1.tgz"},"directories":{}},"1.1.2":{"name":"grim","version":"1.1.2","description":"Log usage of deprecated methods","main":"./lib/grim","scripts":{"prepublish":"grunt clean lint coffee","test":"grunt test"},"repository":{"type":"git","url":"https://github.com/atom/grim.git"},"bugs":{"url":"https://github.com/atom/grim/issues"},"licenses":[{"type":"MIT","url":"http://github.com/atom/grim/raw/master/LICENSE.md"}],"dependencies":{"coffeestack":"^1","emissary":"^1.2.0","underscore-plus":"^1.0.0"},"devDependencies":{"coffee-script":"^1.7.0","jasmine-focused":"^1.0.4","grunt-contrib-coffee":"^0.9.0","grunt-cli":"^0.1.8","grunt":"^0.4.1","grunt-shell":"^0.2.2","grunt-coffeelint":"^0.0.6","rimraf":"^2.2.2","coffee-cache":"^0.2.0","temp":"^0.6.0"},"gitHead":"598fdb19fbcd3dffacfaf675ff31facfa1a9cb5e","homepage":"https://github.com/atom/grim","_id":"grim@1.1.2","_shasum":"cf3ad7096654a58127262dc069073e43d54a18ed","_from":".","_npmVersion":"1.4.28","_npmUser":{"name":"kevinsawicki","email":"kevinsawicki@gmail.com"},"maintainers":[{"name":"probablycorey","email":"probablycorey@gmail.com"},{"name":"benogle","email":"ogle.ben@gmail.com"},{"name":"kevinsawicki","email":"kevinsawicki@gmail.com"},{"name":"nathansobo","email":"nathan@github.com"}],"dist":{"shasum":"cf3ad7096654a58127262dc069073e43d54a18ed","tarball":"http://registry.npmjs.org/grim/-/grim-1.1.2.tgz"},"directories":{}},"1.2.0":{"name":"grim","version":"1.2.0","description":"Log usage of deprecated methods","main":"./lib/grim","scripts":{"prepublish":"grunt clean lint coffee","test":"grunt test"},"repository":{"type":"git","url":"https://github.com/atom/grim.git"},"bugs":{"url":"https://github.com/atom/grim/issues"},"licenses":[{"type":"MIT","url":"http://github.com/atom/grim/raw/master/LICENSE.md"}],"dependencies":{"coffeestack":"^1","emissary":"^1.2.0"},"devDependencies":{"coffee-script":"^1.7.0","jasmine-focused":"^1.0.4","grunt-contrib-coffee":"^0.9.0","grunt-cli":"^0.1.8","grunt":"^0.4.1","grunt-shell":"^0.2.2","grunt-coffeelint":"^0.0.6","rimraf":"^2.2.2","coffee-cache":"^0.2.0","temp":"^0.6.0"},"gitHead":"fc9442cb2033f82ca18d9d52a884237ce099142d","homepage":"https://github.com/atom/grim","_id":"grim@1.2.0","_shasum":"96d33ffe723ed8146a83ee169a8f230d4508369e","_from":".","_npmVersion":"1.4.28","_npmUser":{"name":"kevinsawicki","email":"kevinsawicki@gmail.com"},"maintainers":[{"name":"probablycorey","email":"probablycorey@gmail.com"},{"name":"benogle","email":"ogle.ben@gmail.com"},{"name":"kevinsawicki","email":"kevinsawicki@gmail.com"},{"name":"nathansobo","email":"nathan@github.com"}],"dist":{"shasum":"96d33ffe723ed8146a83ee169a8f230d4508369e","tarball":"http://registry.npmjs.org/grim/-/grim-1.2.0.tgz"},"directories":{}},"1.2.1":{"name":"grim","version":"1.2.1","description":"Log usage of deprecated methods","main":"./lib/grim","scripts":{"prepublish":"grunt clean lint coffee","test":"grunt test"},"repository":{"type":"git","url":"https://github.com/atom/grim.git"},"bugs":{"url":"https://github.com/atom/grim/issues"},"licenses":[{"type":"MIT","url":"http://github.com/atom/grim/raw/master/LICENSE.md"}],"dependencies":{"coffeestack":"^1","emissary":"^1.2.0"},"devDependencies":{"coffee-script":"^1.7.0","jasmine-focused":"^1.0.4","grunt-contrib-coffee":"^0.9.0","grunt-cli":"^0.1.8","grunt":"^0.4.1","grunt-shell":"^0.2.2","grunt-coffeelint":"^0.0.6","rimraf":"^2.2.2","coffee-cache":"^0.2.0","temp":"^0.6.0"},"gitHead":"2722002c17aa5564af195c2c458ad7f591417c59","homepage":"https://github.com/atom/grim","_id":"grim@1.2.1","_shasum":"b90d518e7e52e78ea3c35cb16efd7000046e6f18","_from":".","_npmVersion":"1.4.28","_npmUser":{"name":"kevinsawicki","email":"kevinsawicki@gmail.com"},"maintainers":[{"name":"probablycorey","email":"probablycorey@gmail.com"},{"name":"benogle","email":"ogle.ben@gmail.com"},{"name":"kevinsawicki","email":"kevinsawicki@gmail.com"},{"name":"nathansobo","email":"nathan@github.com"}],"dist":{"shasum":"b90d518e7e52e78ea3c35cb16efd7000046e6f18","tarball":"http://registry.npmjs.org/grim/-/grim-1.2.1.tgz"},"directories":{}},"1.2.2":{"name":"grim","version":"1.2.2","description":"Log usage of deprecated methods","main":"./lib/grim","scripts":{"prepublish":"grunt clean lint coffee","test":"grunt test"},"repository":{"type":"git","url":"https://github.com/atom/grim.git"},"bugs":{"url":"https://github.com/atom/grim/issues"},"licenses":[{"type":"MIT","url":"http://github.com/atom/grim/raw/master/LICENSE.md"}],"dependencies":{"coffeestack":"^1","emissary":"^1.2.0"},"devDependencies":{"coffee-script":"^1.7.0","jasmine-focused":"^1.0.4","grunt-contrib-coffee":"^0.9.0","grunt-cli":"^0.1.8","grunt":"^0.4.1","grunt-shell":"^0.2.2","grunt-coffeelint":"^0.0.6","rimraf":"^2.2.2","coffee-cache":"^0.2.0","temp":"^0.6.0"},"gitHead":"4deeda96353df9ea372986bd1e0aba24a0240df5","homepage":"https://github.com/atom/grim","_id":"grim@1.2.2","_shasum":"4af59c20cda16eb034676e2bfe64fd8be1f78450","_from":".","_npmVersion":"1.4.28","_npmUser":{"name":"kevinsawicki","email":"kevinsawicki@gmail.com"},"maintainers":[{"name":"probablycorey","email":"probablycorey@gmail.com"},{"name":"benogle","email":"ogle.ben@gmail.com"},{"name":"kevinsawicki","email":"kevinsawicki@gmail.com"},{"name":"nathansobo","email":"nathan@github.com"}],"dist":{"shasum":"4af59c20cda16eb034676e2bfe64fd8be1f78450","tarball":"http://registry.npmjs.org/grim/-/grim-1.2.2.tgz"},"directories":{}},"1.3.0":{"name":"grim","version":"1.3.0","description":"Log usage of deprecated methods","main":"./lib/grim","scripts":{"prepublish":"grunt clean lint coffee","test":"grunt test"},"repository":{"type":"git","url":"https://github.com/atom/grim.git"},"bugs":{"url":"https://github.com/atom/grim/issues"},"licenses":[{"type":"MIT","url":"http://github.com/atom/grim/raw/master/LICENSE.md"}],"dependencies":{"coffeestack":"^1","emissary":"^1.2.0"},"devDependencies":{"coffee-script":"^1.7.0","jasmine-focused":"^1.0.4","grunt-contrib-coffee":"^0.9.0","grunt-cli":"^0.1.8","grunt":"^0.4.1","grunt-shell":"^0.2.2","grunt-coffeelint":"^0.0.6","rimraf":"^2.2.2","coffee-cache":"^0.2.0","temp":"^0.6.0"},"gitHead":"dfbd634d33cab712a39d1652a92849b10a7efb6f","homepage":"https://github.com/atom/grim","_id":"grim@1.3.0","_shasum":"263032646242f665a96778d76639cb459bf178e1","_from":".","_npmVersion":"1.4.28","_npmUser":{"name":"kevinsawicki","email":"kevinsawicki@gmail.com"},"maintainers":[{"name":"probablycorey","email":"probablycorey@gmail.com"},{"name":"benogle","email":"ogle.ben@gmail.com"},{"name":"kevinsawicki","email":"kevinsawicki@gmail.com"},{"name":"nathansobo","email":"nathan@github.com"}],"dist":{"shasum":"263032646242f665a96778d76639cb459bf178e1","tarball":"http://registry.npmjs.org/grim/-/grim-1.3.0.tgz"},"directories":{}},"1.4.0":{"name":"grim","version":"1.4.0","description":"Log usage of deprecated methods","main":"./lib/grim","scripts":{"prepublish":"grunt clean lint coffee","test":"grunt test"},"repository":{"type":"git","url":"https://github.com/atom/grim.git"},"bugs":{"url":"https://github.com/atom/grim/issues"},"licenses":[{"type":"MIT","url":"http://github.com/atom/grim/raw/master/LICENSE.md"}],"dependencies":{"coffeestack":"^1","emissary":"^1.2.0"},"devDependencies":{"coffee-script":"^1.7.0","jasmine-focused":"^1.0.4","grunt-contrib-coffee":"^0.9.0","grunt-cli":"^0.1.8","grunt":"^0.4.1","grunt-shell":"^0.2.2","grunt-coffeelint":"^0.0.6","rimraf":"^2.2.2","coffee-cache":"^0.2.0","temp":"^0.6.0"},"gitHead":"1ad64d849598d9dbb7203d3a53d016082f895c1e","homepage":"https://github.com/atom/grim","_id":"grim@1.4.0","_shasum":"c58bbea14815bfe7939d586a1b813de6aed3a8e8","_from":".","_npmVersion":"1.4.28","_npmUser":{"name":"kevinsawicki","email":"kevinsawicki@gmail.com"},"maintainers":[{"name":"probablycorey","email":"probablycorey@gmail.com"},{"name":"benogle","email":"ogle.ben@gmail.com"},{"name":"kevinsawicki","email":"kevinsawicki@gmail.com"},{"name":"nathansobo","email":"nathan@github.com"}],"dist":{"shasum":"c58bbea14815bfe7939d586a1b813de6aed3a8e8","tarball":"http://registry.npmjs.org/grim/-/grim-1.4.0.tgz"},"directories":{}},"1.4.1":{"name":"grim","version":"1.4.1","description":"Log usage of deprecated methods","main":"./lib/grim","scripts":{"prepublish":"grunt clean lint coffee","test":"grunt test"},"repository":{"type":"git","url":"https://github.com/atom/grim.git"},"bugs":{"url":"https://github.com/atom/grim/issues"},"licenses":[{"type":"MIT","url":"http://github.com/atom/grim/raw/master/LICENSE.md"}],"dependencies":{"coffeestack":"^1","emissary":"^1.2.0"},"devDependencies":{"coffee-script":"^1.7.0","jasmine-focused":"^1.0.4","grunt-contrib-coffee":"^0.9.0","grunt-cli":"^0.1.8","grunt":"^0.4.1","grunt-shell":"^0.2.2","grunt-coffeelint":"^0.0.6","rimraf":"^2.2.2","coffee-cache":"^0.2.0","temp":"^0.6.0"},"gitHead":"dbcb234a130aaef6af1458bfa686f65c5b97690a","homepage":"https://github.com/atom/grim","_id":"grim@1.4.1","_shasum":"bd47bf11823bbfb1fc731914fab51016bea9e677","_from":".","_npmVersion":"1.4.28","_npmUser":{"name":"kevinsawicki","email":"kevinsawicki@gmail.com"},"maintainers":[{"name":"probablycorey","email":"probablycorey@gmail.com"},{"name":"benogle","email":"ogle.ben@gmail.com"},{"name":"kevinsawicki","email":"kevinsawicki@gmail.com"},{"name":"nathansobo","email":"nathan@github.com"}],"dist":{"shasum":"bd47bf11823bbfb1fc731914fab51016bea9e677","tarball":"http://registry.npmjs.org/grim/-/grim-1.4.1.tgz"},"directories":{}},"1.4.2":{"name":"grim","version":"1.4.2","description":"Log usage of deprecated methods","main":"./lib/grim","scripts":{"prepublish":"grunt clean lint coffee","test":"grunt test"},"repository":{"type":"git","url":"git+https://github.com/atom/grim.git"},"bugs":{"url":"https://github.com/atom/grim/issues"},"licenses":[{"type":"MIT","url":"http://github.com/atom/grim/raw/master/LICENSE.md"}],"dependencies":{"emissary":"^1.2.0"},"devDependencies":{"coffee-script":"^1.7.0","jasmine-focused":"^1.0.4","grunt-contrib-coffee":"^0.9.0","grunt-cli":"^0.1.8","grunt":"^0.4.1","grunt-shell":"^0.2.2","grunt-coffeelint":"^0.0.6","rimraf":"^2.2.2","coffee-cache":"^0.2.0","temp":"^0.6.0"},"gitHead":"82c45ef794ce93e4455c29365441c62bf94b90a8","homepage":"https://github.com/atom/grim#readme","_id":"grim@1.4.2","_shasum":"b33abee33ec351bab8695818d511a049ca62ef04","_from":".","_npmVersion":"2.11.3","_nodeVersion":"0.12.7","_npmUser":{"name":"nathansobo","email":"nathan@github.com"},"maintainers":[{"name":"probablycorey","email":"probablycorey@gmail.com"},{"name":"benogle","email":"ogle.ben@gmail.com"},{"name":"kevinsawicki","email":"kevinsawicki@gmail.com"},{"name":"nathansobo","email":"nathan@github.com"}],"dist":{"shasum":"b33abee33ec351bab8695818d511a049ca62ef04","tarball":"http://registry.npmjs.org/grim/-/grim-1.4.2.tgz"},"directories":{}},"1.5.0":{"name":"grim","version":"1.5.0","description":"Log usage of deprecated methods","main":"./lib/grim","scripts":{"prepublish":"grunt clean lint coffee","test":"grunt test"},"repository":{"type":"git","url":"https://github.com/atom/grim.git"},"bugs":{"url":"https://github.com/atom/grim/issues"},"licenses":[{"type":"MIT","url":"http://github.com/atom/grim/raw/master/LICENSE.md"}],"dependencies":{"emissary":"^1.2.0"},"devDependencies":{"coffee-script":"^1.7.0","jasmine-focused":"^1.0.4","grunt-contrib-coffee":"^0.9.0","grunt-cli":"^0.1.8","grunt":"^0.4.1","grunt-shell":"^0.2.2","grunt-coffeelint":"^0.0.6","rimraf":"^2.2.2","coffee-cache":"^0.2.0","temp":"^0.6.0"},"gitHead":"b2b528718f498d04af94c304dc165758470039c2","homepage":"https://github.com/atom/grim","_id":"grim@1.5.0","_shasum":"b32b08ef567cf1852f81759ed9c68b0d71396a32","_from":".","_npmVersion":"2.5.1","_nodeVersion":"0.12.0","_npmUser":{"name":"maxbrunsfeld","email":"maxbrunsfeld@gmail.com"},"maintainers":[{"name":"benogle","email":"ogle.ben@gmail.com"},{"name":"kevinsawicki","email":"kevinsawicki@gmail.com"},{"name":"maxbrunsfeld","email":"maxbrunsfeld@gmail.com"},{"name":"nathansobo","email":"nathan@github.com"},{"name":"probablycorey","email":"probablycorey@gmail.com"}],"dist":{"shasum":"b32b08ef567cf1852f81759ed9c68b0d71396a32","tarball":"http://registry.npmjs.org/grim/-/grim-1.5.0.tgz"},"directories":{}}},"readme":"# Grim [![Build Status](https://travis-ci.org/atom/grim.svg)](https://travis-ci.org/atom/grim)\n\nLog deprecate calls\n\n## Installing\n\n```sh\nnpm install grim\n```\n\n## Usage\n\n```javascript\nGrim = require('grim')\n\nfunction someOldMethod() {\n  Grim.deprecate(\"Use theNewMethod instead.\")\n}\n```\n\nTo view all calls to deprecated methods use `Grim.logDeprecations()` or get direct access to the deprecated calls by using `Grim.getDeprecations()`\n","maintainers":[{"name":"benogle","email":"ogle.ben@gmail.com"},{"name":"kevinsawicki","email":"kevinsawicki@gmail.com"},{"name":"maxbrunsfeld","email":"maxbrunsfeld@gmail.com"},{"name":"nathansobo","email":"nathan@github.com"},{"name":"probablycorey","email":"probablycorey@gmail.com"}],"time":{"modified":"2015-10-16T21:55:11.632Z","created":"2014-04-01T22:38:09.263Z","0.0.0":"2014-04-01T22:38:11.466Z","0.1.0":"2014-04-01T22:39:23.387Z","0.2.0":"2014-04-01T23:56:09.004Z","0.4.0":"2014-04-02T23:52:09.489Z","0.6.0":"2014-04-03T17:15:23.781Z","0.7.0":"2014-04-11T23:28:50.618Z","0.8.0":"2014-04-14T21:41:31.900Z","0.9.0":"2014-04-18T00:33:33.285Z","0.10.0":"2014-04-23T01:29:06.673Z","0.11.0":"2014-06-11T23:18:58.911Z","0.12.0":"2014-08-13T20:47:48.254Z","0.13.0":"2014-12-30T22:34:35.933Z","1.0.0":"2015-01-02T19:25:11.250Z","1.1.0":"2015-01-09T01:43:17.541Z","1.1.1":"2015-02-11T00:56:51.763Z","1.1.2":"2015-02-12T19:05:51.899Z","1.2.0":"2015-02-19T19:19:27.810Z","1.2.1":"2015-03-30T22:34:13.870Z","1.2.2":"2015-04-21T23:20:52.692Z","1.3.0":"2015-04-28T16:51:46.374Z","1.4.0":"2015-04-29T00:12:20.333Z","1.4.1":"2015-05-13T22:26:15.557Z","1.4.2":"2015-08-20T19:34:58.432Z","1.5.0":"2015-10-16T21:55:11.632Z"},"readmeFilename":"README.md","repository":{"type":"git","url":"https://github.com/atom/grim.git"},"bugs":{"url":"https://github.com/atom/grim/issues"},"homepage":"https://github.com/atom/grim","_attachments":{},"_etag":"\"DC6PDSFIDNOZKJXI8BFDUDRGY\""}