{"digest":"05124aee22faa869c810f57e365dceead185db8b","css":"status-bar {\n  display: block;\n  font-size: 11px;\n  line-height: 22px;\n  height: 26px;\n  position: relative;\n  -webkit-user-select: none;\n  cursor: default;\n  overflow: hidden;\n  white-space: nowrap;\n  min-width: -webkit-min-content;\n}\nstatus-bar a,\nstatus-bar a:hover {\n  color: #aaaaaa;\n}\nstatus-bar .flexbox-repaint-hack {\n  padding: 0 12.5px;\n  position: absolute;\n  top: 0;\n  right: 0;\n  bottom: 0;\n  left: 0;\n  display: flex;\n  justify-content: space-between;\n}\nstatus-bar .status-bar-left {\n  flex: 1 1 33%;\n}\nstatus-bar .status-bar-right {\n  padding-left: 10px;\n}\nstatus-bar .status-bar-right .inline-block {\n  margin-right: 0;\n  margin-left: 10px;\n}\nstatus-bar .status-bar-right .inline-block > .inline-block {\n  margin-left: 0;\n}\nstatus-bar .status-bar-left,\nstatus-bar .status-bar-right {\n  overflow-x: auto;\n}\nstatus-bar .status-bar-left::-webkit-scrollbar,\nstatus-bar .status-bar-right::-webkit-scrollbar {\n  display: none;\n}\nstatus-bar .inline-block {\n  max-width: 20vw;\n  overflow: hidden;\n  text-overflow: ellipsis;\n  white-space: nowrap;\n}\nstatus-bar .inline-block.file-info {\n  max-width: none;\n}\nstatus-bar .file-info.buffer-modified::after {\n  content: '*';\n}\nstatus-bar .icon:before {\n  font-size: 14px;\n  width: 14px;\n  height: 14px;\n  position: relative;\n  top: 1px;\n  margin-right: 0px;\n}\nstatus-bar .icon-diff-ignored:before,\nstatus-bar .commits-ahead-label:before,\nstatus-bar .commits-behind-label:before {\n  margin-right: -1px;\n}\nstatus-bar .hide,\nstatus-bar .current-path:empty,\nstatus-bar .cursor-position:empty,\nstatus-bar .selection-count:empty {\n  display: none;\n}\nstatus-bar .git-view {\n  display: inline-block;\n}\nstatus-bar .cursor-position a,\nstatus-bar .cursor-position a:hover {\n  color: #aaaaaa;\n}\n","imports":[{"path":"static/variables/ui-variables.less","digest":"3b703d5c8511c09d0cc2c851f9099d683e6d2176"},{"path":"static/variables/syntax-variables.less","digest":"812c1b7883a023f768773d14294653adcdb932d7"},{"path":"node_modules/atom-dark-ui/styles/ui-variables.less","digest":"16ff91226d75eee2b1f50109fe01fd7b9aa586c9"},{"path":"static/variables/octicon-mixins.less","digest":"2030bff1fd92667bfd07922be221c344c90e072e"},{"path":"static/variables/octicon-utf-codes.less","digest":"698d6301324f239f0a1a144a805cdc3706c68876"},{"path":"static/variables/octicon-utf-codes.less","digest":"698d6301324f239f0a1a144a805cdc3706c68876"}],"version":1}